date,year,Period,year_period,Sum of P,Average of T,Sum of RAIN,Sum of SNOW,Max of PACK,Sum of MELT,Sum of W,Sum of PET,Sum of W - PET,Average of SOIL,Sum of AET,Sum of W-ET-/\SOIL,Sum of D,Sum of GDD,scaled EVI3,SPEI
2/18/2000,2000,3,2000_3,0.508,5.104166667,0.258703704,0.249296296,0.249296296,0.249296296,0.508,15.00107316,-14.49307316,35.69643851,2.761740257,4.44089E-15,12.2393329,81.66666667,0.0989777,-1.821359032
3/5/2000,2000,4,2000_4,13.716,4.027777778,11.78277778,1.933222222,1.008944444,1.933222222,13.716,14.91737313,-1.201373128,37.60839471,6.311889636,6.66134E-15,8.605483493,64.44444444,0.0961393,-1.425162025
3/21/2000,2000,5,2000_5,11.43,5.416666667,5.150555556,6.279444444,3.090333333,3.189111111,8.339666667,17.14348399,-8.803817319,45.21654101,5.663153458,1.88738E-15,11.48033053,88.61111111,0.0996873,-1.628431338
4/6/2000,2000,6,2000_6,0.762,11.12847222,0.762,0,0,3.090333333,3.852333333,25.01368604,-21.16135271,44.53482764,6.348294867,-4.55191E-15,18.66539117,178.0555556,0.1072404,-1.829622311
4/22/2000,2000,7,2000_7,0,13.81944444,0,0,0,0,0,30.06537488,-30.06537488,39.37210306,5.175380943,0,24.88999394,221.1111111,0.1081276,-1.173313227
5/8/2000,2000,8,2000_8,3.048,18.31597222,3.048,0,0,0,3.048,40.01991613,-36.97191613,34.00926745,7.751435679,8.88178E-16,32.26848045,293.0555556,0.1105981,-1.106516999
5/24/2000,2000,9,2000_9,3.048,15.86805556,3.048,0,0,0,3.048,36.8302402,-33.7822402,30.06737154,7.468008526,-1.77636E-15,29.36223167,253.8888889,0.1092091,-0.550579381
6/9/2000,2000,10,2000_10,0,24.30555556,0,0,0,0,0,57.35208134,-57.35208134,24.56925299,6.165616626,0,51.18646472,388.8888889,0.1085723,-0.883184736
6/25/2000,2000,11,2000_11,0,22.77777778,0,0,0,0,0,53.84062682,-53.84062682,19.30184036,4.543859809,0,49.29676701,364.4444444,0.1088162,-0.533951462
7/11/2000,2000,12,2000_12,7.62,23.47222222,7.62,0,0,0,7.62,55.35562947,-47.73562947,15.52022076,10.84883238,-2.77556E-15,44.50679709,375.5555556,0.1112366,-0.533989519
7/27/2000,2000,13,2000_13,0,27.43986111,0,0,0,0,0,66.0307141,-66.0307141,12.05871562,3.493422961,0,62.53729114,439.0377778,0.1129262,-0.341539903
8/12/2000,2000,14,2000_14,6.604,27.69097222,6.604,0,0,0,6.604,64.91782743,-58.31382743,10.15778348,7.291900256,-4.44089E-16,57.62592718,443.0555556,0.1088519,-0.270463633
8/28/2000,2000,15,2000_15,16.002,23.45486111,16.002,0,0,0,16.002,50.57766339,-34.57566339,10.29946898,12.17820909,1.22125E-15,38.3994543,375.2777778,0.1032321,-0.153300812
9/13/2000,2000,16,2000_16,22.352,19.84375,22.352,0,0,0,22.352,40.19214226,-17.84014226,21.78973531,11.90921723,4.88498E-15,28.28292503,317.5,0.1002321,-0.095317201
9/29/2000,2000,17,2000_17,0,18.88888889,0,0,0,0,0,37.62037121,-37.62037121,21.86985848,3.634012352,0,33.98635885,302.2222222,0.1029436,-0.275802601
10/15/2000,2000,18,2000_18,10.16,15.13888889,10.16,0,0,0,10.16,28.98574947,-18.82574947,21.30563019,5.207567125,-4.44089E-16,23.77818235,242.2222222,0.0966721,-0.463872967
10/31/2000,2000,19,2000_19,64.516,8.802083333,62.50281481,2.013185185,1.279407407,0.733777778,63.23659259,19.20680741,44.02978518,49.7649897,10.14454323,3.10862E-15,9.062264176,140.8333333,0.0968489,-0.509771897
11/16/2000,2000,20,2000_20,1.016,0.625,0.188148148,0.827851852,0.827851852,1.279407407,1.467555556,11.34171931,-9.874163756,77.02221232,4.50675038,2.77556E-16,6.834968931,24.16666667,0.0929722,0.018801093
12/2/2000,2000,21,2000_21,1.778,1.197916667,1.481666667,0.296333333,0.827851852,1.124185185,2.605851852,11.13901643,-8.533164574,74.45393384,4.897951232,-7.04992E-15,6.241065194,28.88888889,0.0940664,-0.530007702
12/18/2000,2000,22,2000_22,0,1.5625,0,0,0,0,0,11.02751222,-11.02751222,71.28542357,3.425085842,0,7.602426373,28.61111111,0.091827,-0.728191892
1/1/2001,2000,23,2000_23,2.54,-0.644700855,0,2.54,2.54,2.54,2.54,7.807713017,-5.267713017,69.47933449,2.815197575,2.9976E-15,4.992515442,2.777777778,0.0928692,-0.684906966
1/17/2001,2001,1,2001_1,23.622,-0.763888889,0.776111111,22.84588889,22.84588889,0,0.776111111,9.74205334,-8.965942229,67.95309769,3.340617953,-6.77236E-15,6.401435387,7.777777778,,-1.10351078
2/2/2001,2001,2,2001_2,26.924,-2.725694444,0.505648148,26.41835185,48.15312963,8.888888889,9.394537037,8.974452026,0.420085011,68.23311846,3.652959991,-2.88658E-15,5.321492034,2.222222222,0.0816488,-0.399622722
2/18/2001,2001,3,2001_3,8.128,-0.555555556,0,8.128,40.37535185,21.11111111,21.11111111,10.75947826,10.35163285,81.78687121,6.202901213,-6.66134E-15,4.556577051,5.277777778,0.0842172,-1.539497426
3/5/2001,2001,4,2001_4,20.066,3.802083333,5.764388889,14.30161111,13.02455556,41.69385185,47.45824074,14.70036206,32.75787868,116.1157765,10.38294466,-2.02061E-14,4.317417397,60.83333333,0.0952767,-1.764522166
3/21/2001,2001,5,2001_5,9.398,7.378472222,8.527814815,0.870185185,0.540925926,0.870185185,9.398,19.23407988,-9.836079884,124.667998,12.62874437,-1.32117E-14,6.605335515,118.0555556,0.1042009,-1.619429055
4/6/2001,2001,6,2001_6,3.048,11.11111111,3.048,0,0,0,3.048,24.68666654,-21.63866654,116.2977219,13.53106069,-1.19904E-14,11.15560585,177.7777778,0.1107701,-0.497497253
4/22/2001,2001,7,2001_7,5.842,9.21875,1.893240741,3.948759259,3.948759259,3.948759259,5.842,24.06416467,-18.22216467,109.2627224,12.51549035,-5.21805E-15,11.54867433,147.5,0.1242914,-1.724245605
5/8/2001,2001,8,2001_8,39.764,14.42708333,37.65342593,2.110574074,1.629833333,2.110574074,39.764,33.12617259,6.637827406,110.3489738,18.71251778,6.66134E-16,14.41365482,230.8333333,0.131164,-0.426679687
5/24/2001,2001,9,2001_9,5.842,19.25347222,5.842,0,0,0,5.842,43.50459386,-37.66259386,116.5002509,23.70267343,2.22045E-15,19.80192043,308.0555556,0.1269496,-1.022076304
6/9/2001,2001,10,2001_10,10.16,22.27430556,10.16,0,0,0,10.16,52.00012845,-41.84012845,97.5466323,24.03412621,3.55271E-15,27.96600224,356.3888889,0.1361664,-1.158369449
6/25/2001,2001,11,2001_11,2.54,22.82986111,2.54,0,0,0,2.54,54.71479394,-52.17479394,83.19767148,21.52718962,-6.21725E-15,33.18760432,365.2777778,0.1248834,-0.439452165
7/11/2001,2001,12,2001_12,3.556,26.06899306,3.556,0,0,0,3.556,63.27683384,-59.72083384,64.83033174,20.60785502,-8.88178E-16,42.66897881,417.1038889,0.1203152,0.827824671
7/27/2001,2001,13,2001_13,14.478,23.17708333,14.478,0,0,0,14.478,53.66757599,-39.18957599,59.25903381,17.78121148,8.21565E-15,35.88636451,370.8333333,0.1245654,-0.263178644
8/12/2001,2001,14,2001_14,6.858,24.86434028,6.858,0,0,0,6.858,56.42722126,-49.56922126,48.16563471,17.07968202,4.88498E-15,39.34753924,397.8294444,0.1365377,-0.189335045
8/28/2001,2001,15,2001_15,10.16,23.55902778,10.16,0,0,0,10.16,51.00207785,-40.84207785,42.02921618,14.61843901,-7.99361E-15,36.38363884,376.9444444,0.1321671,-0.014802232
9/13/2001,2001,16,2001_16,0.254,21.70138889,0.254,0,0,0,0.254,44.49508373,-44.24108373,35.5845762,7.171169548,2.22045E-15,37.32391418,347.2222222,0.1198513,0.376583204
9/29/2001,2001,17,2001_17,0,21.40625,0,0,0,0,0,41.31566378,-41.31566378,29.7037863,5.36236199,0,35.95330179,342.5,0.1155701,-0.311864882
10/15/2001,2001,18,2001_18,3.048,15.10416667,3.048,0,0,0,3.048,28.81476668,-25.76676668,26.21233621,4.565501945,0,24.24926474,241.6666667,0.1141918,-0.064822136
10/31/2001,2001,19,2001_19,0,12.91666667,0,0,0,0,0,23.83465336,-23.83465336,24.33243774,2.533187456,0,21.3014659,206.6666667,0.1101858,-0.339464758
11/16/2001,2001,20,2001_20,1.27,10.01736111,1.27,0,0,0,1.27,19.22236181,-17.95236181,22.21790252,3.011983829,-5.55112E-16,16.21037798,160.2777778,0.1099913,-0.431061307
12/2/2001,2001,21,2001_21,14.732,1.475694444,4.92712963,9.80487037,7.582648148,9.80487037,14.732,11.62377877,3.108221229,24.47126417,3.98396784,2.66454E-15,7.639810931,44.72222222,0.1068902,0.053915864
12/18/2001,2001,22,2001_22,0.762,-2.430555556,0.117592593,0.644407407,0.390407407,0.390407407,0.508,8.7601456,-8.2521456,31.57792939,1.643036192,-2.66454E-15,7.117109409,6.388888889,0.1080055,-0.590088969
1/1/2002,2001,23,2001_23,3.302,-1.616111111,0,3.302,3.556,0,0,7.352898937,-7.352898937,30.55662158,0.97760545,0,6.375293487,0,0.1048204,-1.323912814
1/17/2002,2002,1,2002_1,3.302,-0.329861111,0,3.302,6.858,6.858,6.858,9.992881554,-3.134881554,32.57046951,3.124057146,-1.88738E-15,6.868824408,11.94444444,0.1053876,-0.141362297
2/2/2002,2002,2,2002_2,0.254,-3.333333333,0,0.254,0.254,0,0,8.689021222,-8.689021222,33.15063389,1.254105987,0,7.434915236,2.5,0.1064895,-0.529555381
2/18/2002,2002,3,2002_3,2.286,0.034722222,0.035277778,2.250722222,2.250722222,0.254,0.289277778,11.12208307,-10.83280529,31.80581627,1.787884648,1.22125E-15,9.334198419,9.444444444,0.1094306,-1.584852521
3/5/2002,2002,4,2002_4,0,2.118055556,0,0,0,2.250722222,2.250722222,13.51500382,-11.2642816,31.51597619,2.613958658,2.66454E-15,10.90104516,48.61111111,0.1055492,-1.575714082
3/21/2002,2002,5,2002_5,0,4.357638889,0,0,0,0,0,16.57092742,-16.57092742,29.638992,2.134855987,0,14.43607143,74.72222222,0.1070175,-1.437065638
4/6/2002,2002,6,2002_6,0,13.54166667,0,0,0,0,0,28.53750025,-28.53750025,26.92046483,3.334529893,0,25.20297036,216.6666667,0.1068949,-1.537733549
4/22/2002,2002,7,2002_7,2.54,12.43055556,2.54,0,0,0,2.54,28.11388701,-25.57388701,24.38276984,4.462352952,1.55431E-15,23.65153406,198.8888889,0.1094962,-1.652336394
5/8/2002,2002,8,2002_8,0,14.58333333,0,0,0,0,0,32.81018617,-32.81018617,21.64829099,3.100243926,0,29.70994224,233.3333333,0.110108,-1.337720205
5/24/2002,2002,9,2002_9,0,16.26736111,0,0,0,0,0,37.55452438,-37.55452438,18.53875829,3.046007488,0,34.50851689,260.2777778,0.1105275,-1.249923832
6/9/2002,2002,10,2002_10,5.842,22.27430556,5.842,0,0,0,5.842,52.50365226,-46.66165226,16.90983545,6.156209047,8.88178E-16,46.34744321,356.3888889,0.1078073,-1.040013231
6/25/2002,2002,11,2002_11,0,24.87847222,0,0,0,0,0,60.04852959,-60.04852959,14.81442597,3.873942201,0,56.17458739,398.0555556,0.1097075,-0.294512254
7/11/2002,2002,12,2002_12,0,28.61111111,0,0,0,0,0,71.33516445,-71.33516445,11.07616151,3.462734678,0,67.87242978,457.7777778,0.1097223,-0.426902226
7/27/2002,2002,13,2002_13,10.16,26.57986111,10.16,0,0,0,10.16,63.65735034,-53.49735034,8.772671603,9.420837457,-8.88178E-16,54.23651288,425.2777778,0.1067987,-0.353760806
8/12/2002,2002,14,2002_14,6.604,25.06944444,6.604,0,0,0,6.604,57.25005903,-50.64605903,9.951039584,7.691260292,6.66134E-16,49.55879874,401.1111111,0.1057801,-0.196262644
8/28/2002,2002,15,2002_15,1.016,25.15625,1.016,0,0,0,1.016,55.41333239,-54.39733239,8.05383513,2.948351704,7.77156E-16,52.46498068,402.5,0.1145952,0.055430508
9/13/2002,2002,16,2002_16,36.83,19.75694444,36.83,0,0,0,36.83,40.29050813,-3.460508126,15.12834854,11.20555724,-6.77236E-15,29.08495089,316.1111111,0.103447,-0.222730277
9/29/2002,2002,17,2002_17,9.652,17.62152778,9.652,0,0,0,9.652,34.31305129,-24.66105129,30.96407912,8.388111752,-5.44009E-15,25.92493954,281.9444444,0.1115462,2.004276343
10/15/2002,2002,18,2002_18,9.398,12.56944444,9.398,0,0,0,9.398,24.7652706,-15.3672706,38.3786359,6.396469402,-3.10862E-15,18.3688012,201.1111111,0.1118408,0.448465754
10/31/2002,2002,19,2002_19,15.494,9.0625,15.40227778,0.091722222,0.091722222,0.091722222,15.494,19.40286123,-3.908861234,39.93255796,6.360816164,-1.44329E-15,13.04204507,145,0.1094367,0.020670731
11/16/2002,2002,20,2002_20,13.208,4.461805556,11.50055556,1.707444444,1.707444444,1.707444444,13.208,14.1066397,-0.898639703,50.50525698,5.305344709,3.33067E-16,8.801294994,71.38888889,0.1069107,-0.688038612
12/2/2002,2002,21,2002_21,3.302,3.993055556,2.293055556,1.008944444,1.008944444,1.008944444,3.302,13.0856197,-9.783619702,52.8814388,4.212402348,-8.88178E-16,8.873217354,63.88888889,0.1061724,-0.383850797
12/18/2002,2002,22,2002_22,0.508,2.239583333,0.16462963,0.34337037,0.34337037,0.34337037,0.508,11.51321535,-11.00521535,51.82445483,2.996296999,-2.66454E-15,8.516918351,40.27777778,0.0986252,-0.704131549
1/1/2003,2002,23,2002_23,0,-2.412222222,0,0,0,0,0,7.031198206,-7.031198206,49.97722969,1.528551172,0,5.502647033,1.666666667,0.1026052,-0.657710646
1/17/2003,2003,1,2003_1,3.302,1.232638889,1.258240741,2.043759259,0.954851852,2.043759259,3.302,10.92995732,-7.627957319,48.57348054,4.497402865,4.38538E-15,6.432554454,23.88888889,0.0983306,-0.860146604
2/2/2003,2003,2,2003_2,0,4.6296875,0,0,0,0,0,13.87759777,-13.87759777,46.61022498,2.813197129,0,11.06440064,74.075,0.0961771,-1.329589655
2/18/2003,2003,3,2003_3,2.794,1.076388889,1.364074074,1.429925926,1.27,1.392296296,2.75637037,12.03339182,-9.277021447,44.32666114,4.230891483,2.16493E-15,7.802500335,32.77777778,0.0962675,-1.562530769
3/5/2003,2003,4,2003_4,21.59,2.951388889,6.35,15.24,9.165166667,15.27762963,21.62762963,13.96082543,7.666804201,49.78066836,6.203727642,5.32907E-15,7.757097787,47.5,0.0933697,-1.913646919
3/21/2003,2003,5,2003_5,9.906,8.888888889,7.40362963,2.50237037,2.50237037,2.50237037,9.906,20.84307879,-10.93707879,59.26295669,7.046033953,6.88338E-15,13.79704484,142.2222222,0.1011949,-1.857763464
4/6/2003,2003,6,2003_6,6.604,8.090277778,6.50287037,0.10112963,0.10112963,0.10112963,6.604,21.25131462,-14.64731462,63.01143113,7.191696072,-5.9952E-15,14.05961855,129.4444444,0.1019581,-1.328940187
4/22/2003,2003,7,2003_7,4.572,10.45138889,4.572,0,0,0,4.572,25.10664907,-20.53464907,58.6053071,8.63836037,-2.22045E-15,16.4682887,167.2222222,0.1101588,-1.118132071
5/8/2003,2003,8,2003_8,1.016,11.82291667,1.016,0,0,0,1.016,28.24291915,-27.22691915,53.71599099,7.422700968,1.77636E-15,20.82021818,189.1666667,0.1121802,-1.244853364
5/24/2003,2003,9,2003_9,4.572,17.82986111,4.572,0,0,0,4.572,40.76719375,-36.19519375,47.6759042,11.69809506,-1.33227E-15,29.06909869,285.2777778,0.1145278,-1.146794948
6/9/2003,2003,10,2003_10,3.302,23.69791667,3.302,0,0,0,3.302,55.68969666,-52.38769666,38.90205468,12.23492582,4.44089E-16,43.45477084,379.1666667,0.1167999,-0.267021988
6/25/2003,2003,11,2003_11,0.254,21.61458333,0.254,0,0,0,0.254,50.90654776,-50.65254776,30.9718152,7.156754305,-1.33227E-15,43.74979346,345.8333333,0.1116535,-0.431966929
7/11/2003,2003,12,2003_12,0,27.27430556,0,0,0,0,0,66.96653871,-66.96653871,24.24594603,7.077636875,0,59.88890184,436.3888889,0.1113363,-0.214143157
7/27/2003,2003,13,2003_13,0,29.46180556,0,0,0,0,0,72.93137463,-72.93137463,17.66616351,5.690489584,0,67.24088505,471.3888889,0.1119669,-0.369293584
8/12/2003,2003,14,2003_14,11.43,26.19791667,11.43,0,0,0,11.43,60.33202194,-48.90202194,15.06814083,10.36170031,-2.22045E-15,49.97032164,419.1666667,0.1123762,-0.300491082
8/28/2003,2003,15,2003_15,30.48,24.35763889,30.48,0,0,0,30.48,53.0484659,-22.5684659,24.02151496,13.19807635,-1.33227E-15,39.85038955,389.7222222,0.1078141,-0.214498054
9/13/2003,2003,16,2003_16,6.35,20.3125,6.35,0,0,0,6.35,41.48981708,-35.13981708,31.33662056,10.33448776,-3.55271E-15,31.15532932,325,0.1054396,-0.362604848
9/29/2003,2003,17,2003_17,0,19.79166667,0,0,0,0,0,38.49248392,-38.49248392,27.27302234,4.56400256,0,33.92848136,316.6666667,0.101191,0.028245026
10/15/2003,2003,18,2003_18,19.304,16.11274306,19.304,0,0,0,19.304,30.16297315,-10.85897315,36.3125228,9.225310723,-5.88418E-15,20.93766243,257.8038889,0.1002895,-0.290158122
10/31/2003,2003,19,2003_19,0,15.26041667,0,0,0,0,0,27.27831782,-27.27831782,32.86455128,3.929000586,0,23.34931723,244.1666667,0.0960184,-0.54287098
11/16/2003,2003,20,2003_20,19.812,5.381944444,13.75833333,6.053666667,6.053666667,6.053666667,19.812,14.83080584,4.981194163,35.50971655,3.670774661,1.11022E-16,11.16003118,86.11111111,0.097351,-0.738354572
12/2/2003,2003,21,2003_21,0,0.954861111,0,0,0,0,0,11.10170091,-11.10170091,46.11415764,2.230906232,0,8.870794681,31.38888889,0.0966341,-0.694909836
12/18/2003,2003,22,2003_22,6.538,0.017361111,1.351851852,5.186148148,2.843703704,2.342444444,3.694296296,10.14185421,-6.447557914,45.06262176,3.580967133,6.10623E-15,6.560887077,17.5,0.1094725,-0.780315556
1/1/2004,2003,23,2003_23,11.176,-0.553034188,0.940740741,10.23525926,10.23525926,2.843703704,3.784444444,7.907275007,-4.122830562,46.86423166,2.643028748,3.77476E-15,5.264246259,11.14388889,0.0927469,-0.51291298
1/17/2004,2004,1,2004_1,0,-2.725694444,0,0,10.23525926,5.555555556,5.555555556,8.723389875,-3.167834319,45.81007234,2.287159291,-1.9984E-15,6.436230583,1.388888889,0.0980115,-1.241285396
2/2/2004,2004,2,2004_2,0,-1.805555556,0,0,4.679703704,4.679703704,4.679703704,9.490094145,-4.810390441,49.82663508,2.627618015,-1.9984E-15,6.86247613,2.5,0.0856697,-1.533436967
2/18/2004,2004,3,2004_3,2.54,-1.701388889,0,2.54,2.54,2.54,2.54,10.10025975,-7.560259747,51.20013481,3.399032675,5.32907E-15,6.701227072,7.777777778,0.0952551,-2.032246836
3/5/2004,2004,4,2004_4,15.494,2.552083333,6.150092593,9.343907407,6.858,9.343907407,15.494,13.63157604,1.862423965,55.54480368,6.589675523,5.32907E-15,7.041900512,41.11111111,0.096124,-2.044282534
3/21/2004,2004,5,2004_5,0,12.25694444,0,0,0,0,0,25.11964921,-25.11964921,56.65369796,6.180157385,0,18.93949182,196.1111111,0.100391,-1.994822097
4/6/2004,2004,6,2004_6,14.986,12.95138889,14.986,0,0,0,14.986,27.58615021,-12.60015021,52.55418037,10.74164587,4.88498E-15,16.84450434,207.2222222,0.1011821,-1.145928343
4/22/2004,2004,7,2004_7,17.78,10.45138889,17.13794444,0.642055556,0.642055556,0,17.13794444,25.11914385,-7.981199403,62.79433529,11.23371282,3.55271E-15,13.88543103,167.2222222,0.121746,-0.839689761
5/8/2004,2004,8,2004_8,28.956,14.51385417,28.956,0,0,0.642055556,29.59805556,33.56042494,-3.962369381,79.85459795,14.32235132,3.33067E-15,19.23807362,232.2216667,0.1293072,-1.119562681
5/24/2004,2004,9,2004_9,0.508,16.84027778,0.508,0,0,0,0.508,38.36328861,-37.85528861,72.48107132,12.49332941,4.44089E-15,25.8699592,269.4444444,0.1261052,-0.867815797
6/9/2004,2004,10,2004_10,4.572,20.76388889,4.572,0,0,0,4.572,48.89856841,-44.32656841,62.32913597,15.37805304,-7.10543E-15,33.52051537,332.2222222,0.1247415,-0.471972744
6/25/2004,2004,11,2004_11,1.27,21.42361111,1.27,0,0,0,1.27,50.37969164,-49.10969164,50.47372345,12.07250356,3.9968E-15,38.30718808,342.7777778,0.1189887,-0.677027654
7/11/2004,2004,12,2004_12,9.652,23.31597222,9.652,0,0,0,9.652,55.26940915,-45.61740915,42.69556382,16.91164532,5.10703E-15,38.35776383,373.0555556,0.1198362,-0.189443658
7/27/2004,2004,13,2004_13,4.572,25.65972222,4.572,0,0,0,4.572,60.60148695,-56.02948695,33.46515744,12.81446145,-2.66454E-15,47.78702551,410.5555556,0.1172237,0.105563772
8/12/2004,2004,14,2004_14,7.62,24.58333333,7.62,0,0,0,7.62,55.75910701,-48.13910701,26.96663872,13.26299805,-6.66134E-16,42.49610896,393.3333333,0.1168958,-0.24033662
8/28/2004,2004,15,2004_15,13.97,22.17013889,13.97,0,0,0,13.97,47.61040617,-33.64040617,26.15984636,11.63910924,8.88178E-16,35.97129693,354.7222222,0.1120063,0.532248159
9/13/2004,2004,16,2004_16,1.778,21.45833333,1.778,0,0,0,1.778,43.9553416,-42.1773416,24.13160142,6.229579077,-1.55431E-15,37.72576252,343.3333333,0.1137152,-0.146151297
9/29/2004,2004,17,2004_17,7.062,16.22420139,7.062,0,0,0,7.062,31.98896384,-24.92696384,20.74127222,6.240514147,-8.88178E-16,25.74844969,259.5872222,0.1126076,0.448006126
10/15/2004,2004,18,2004_18,10.16,14.58333333,10.16,0,0,0,10.16,27.41606395,-17.25606395,26.71733188,7.721991357,-8.88178E-16,19.69407259,233.3333333,0.1091089,-0.325216094
10/31/2004,2004,19,2004_19,13.462,8.888888889,13.15625926,0.305740741,0.305740741,0.305740741,13.462,19.36736269,-5.905362686,29.67955722,5.987234917,4.10783E-15,13.38012777,142.2222222,0.1120444,-0.208923065
11/16/2004,2004,20,2004_20,46.736,4.959340278,38.85259259,7.883407407,7.337777778,7.883407407,46.736,14.51219475,32.22380525,51.16570444,6.867451831,9.65894E-15,7.644742919,79.34944444,0.1095626,-0.587944024
12/2/2004,2004,21,2004_21,20.828,1.111111111,2.822222222,18.00577778,10.92622222,16.48177778,19.304,11.34218798,7.96181202,82.35743351,5.010339526,2.66454E-15,6.331848454,39.72222222,0.0978541,0.01633503
12/18/2004,2004,22,2004_22,0,0.78125,0,0,1.524,1.524,1.524,10.69066534,-9.166665341,85.80269714,4.400383094,-1.88738E-15,6.290282247,32.22222222,0.1021825,0.178336846
1/1/2005,2004,23,2004_23,20.32,-1.730769231,0.940740741,19.37925926,18.26814815,1.111111111,2.051851852,7.372748488,-5.320896637,82.92635684,3.444357912,-6.99441E-15,3.928390576,4.166666667,0.0899075,-0.591439746
1/17/2005,2005,1,2005_1,30.43,-0.519097222,1.775648148,28.65435185,43.22566667,46.9225,48.69814815,9.980197451,38.7179507,100.8235453,6.775100298,-9.4369E-15,3.205097153,15.02777778,0.1011366,-0.59527499
2/2/2005,2005,2,2005_2,11.938,3.333333333,5.526851852,6.411148148,4.774259259,6.411148148,11.938,12.81659877,-0.878598769,124.6379852,8.335999835,1.43219E-14,4.480598934,53.33333333,0.0939274,-0.850368588
2/18/2005,2005,3,2005_3,7.486,2.617256944,2.114074074,5.371925926,3.51837037,3.697111111,5.811185185,13.01404136,-7.202856174,126.0791816,8.405192919,1.06581E-14,4.60884844,42.98722222,0.1096429,-1.524113136
3/5/2005,2005,4,2005_4,29.21,4.565104167,14.9812963,14.2287037,12.68588889,15.90351852,30.88481481,15.31138997,15.57342484,142.3292854,11.27097657,-1.0103E-14,4.040413408,73.04166667,0.1092764,-1.361174077
3/21/2005,2005,5,2005_5,5.08,7.419756944,5.08,0,0,0,5.08,19.10529536,-14.02529536,139.4766064,12.54061551,1.84297E-14,6.564679849,118.7161111,0.113811,-1.816411578
4/6/2005,2005,6,2005_6,8.428,8.412083333,7.818740741,0.609259259,0.609259259,0.609259259,8.428,21.5020571,-13.0740571,138.2234071,14.17386433,-2.35367E-14,7.328192769,134.5933333,0.1294201,-1.899722791
4/22/2005,2005,7,2005_7,2.54,11.33680556,2.54,0,0,0,2.54,26.45954074,-23.91954074,126.1580749,15.10074885,-1.9984E-15,11.35879188,181.3888889,0.1516431,-1.18107218
5/8/2005,2005,8,2005_8,39.37,11.71875,39.37,0,0,0,39.37,28.08664252,11.28335748,134.3047003,20.12302971,-2.66454E-15,7.963612807,187.5,0.154018,-1.361788052
5/24/2005,2005,9,2005_9,0.762,18.29861111,0.762,0,0,0,0.762,42.21212537,-41.45012537,127.7765516,23.64674415,-1.33227E-15,18.56538123,292.7777778,0.1564407,-0.987488493
6/9/2005,2005,10,2005_10,19.05,17.72569444,19.05,0,0,0,19.05,41.2918352,-22.2418352,113.0768385,22.1819683,2.22045E-16,19.1098669,283.6111111,0.1487055,-0.875948032
6/25/2005,2005,11,2005_11,9.906,20.9375,9.906,0,0,0,9.906,49.30792365,-39.40192365,102.6607881,27.2668198,7.99361E-15,22.04110384,335,0.1434648,-0.617471526
7/11/2005,2005,12,2005_12,3.556,24.79166667,3.556,0,0,0,3.556,59.29009013,-55.73409013,85.19522326,23.99959017,1.33227E-15,35.29049996,396.6666667,0.1465893,-0.531407927
7/27/2005,2005,13,2005_13,14.478,27.70833333,14.478,0,0,0,14.478,67.35741009,-52.87941009,65.81342051,23.499785,4.44089E-15,43.85762509,443.3333333,0.1435267,-0.464365145
8/12/2005,2005,14,2005_14,23.876,23.66319444,23.876,0,0,0,23.876,53.30881878,-29.43281878,63.78744173,27.69485668,3.10862E-15,25.6139621,378.6111111,0.1487865,-0.327823718
8/28/2005,2005,15,2005_15,9.144,22.10069444,9.144,0,0,0,9.144,47.17324628,-38.02924628,57.10875805,17.91994883,2.22045E-16,29.25329746,353.6111111,0.1463519,-0.151831041
9/13/2005,2005,16,2005_16,17.526,19.89583333,17.526,0,0,0,17.526,40.49921834,-22.97321834,52.52267609,16.50166259,4.44089E-16,23.99755574,318.3333333,0.1384536,-0.092689844
9/29/2005,2005,17,2005_17,1.778,17.96875,1.778,0,0,0,1.778,34.63328695,-32.85528695,50.24061488,8.999774393,2.66454E-15,25.63351256,287.5,0.1365519,-0.235965419
10/15/2005,2005,18,2005_18,2.032,13.33333333,2.032,0,0,0,2.032,26.02093423,-23.98893423,44.31776582,6.483905126,-1.33227E-15,19.5370291,213.3333333,0.1184659,-0.538856574
10/31/2005,2005,19,2005_19,31.242,11.23263889,31.242,0,0,0,31.242,21.74242628,9.499573718,65.97265239,8.378909472,-3.9968E-15,13.36351681,179.7222222,0.1176384,-0.290176366
11/16/2005,2005,20,2005_20,3.048,8.350694444,3.048,0,0,0,3.048,17.73500011,-14.68700011,63.48921168,5.979934339,5.55112E-15,11.75506577,133.6111111,0.1152375,-0.544415334
12/2/2005,2005,21,2005_21,3.81,3.300069444,0.705555556,3.104444444,3.104444444,0,0.705555556,12.66806186,-11.9625063,60.75290304,3.857224654,1.9984E-15,8.810837201,57.80111111,0.1136328,-0.699733531
12/18/2005,2005,22,2005_22,0,-3.897256944,0,0,3.104444444,3.104444444,3.104444444,8.002827378,-4.898382934,59.50863814,2.606654544,1.66533E-15,5.396172835,2.5,0.1180664,-0.776939166
1/1/2006,2005,23,2005_23,0,3.333333333,0,0,0,0,0,9.885969973,-9.885969973,58.55324228,2.522618904,0,7.363351069,43.61111111,0.112241,-1.202973731
1/17/2006,2006,1,2006_1,2.032,0.711805556,1.411111111,0.620888889,0.620888889,0.620888889,2.032,10.64275359,-8.61075359,56.84786006,3.69926646,2.77556E-15,6.94348713,21.94444444,0.1113338,-1.46613392
2/2/2006,2006,2,2006_2,2.54,0.9375,1.058333333,1.481666667,1.481666667,1.481666667,2.54,11.31180065,-8.771800648,55.10345565,3.843804955,-2.10942E-15,7.467995693,27.77777778,0.1110002,-1.097051692
2/18/2006,2006,3,2006_3,1.27,1.423611111,0.705555556,0.564444444,0.564444444,0.564444444,1.27,12.1169545,-10.8469545,53.22986666,3.779030273,-3.10862E-15,8.337924222,30.83333333,0.1122134,-1.899208791
3/5/2006,2006,4,2006_4,0.254,4.774305556,0,0.254,0.254,0.254,0.254,15.74582395,-15.49182395,50.32199646,3.638352232,2.22045E-15,12.10747172,78.61111111,0.0982369,-1.256124372
3/21/2006,2006,5,2006_5,9.144,2.291770833,3.341981481,5.802018519,5.112925926,5.802018519,9.144,14.38401566,-5.24001566,49.94395556,7.26917695,-9.65894E-15,7.114838711,45,0.1045088,-2.00049271
4/6/2006,2006,6,2006_6,29.464,7.955972222,29.12533333,0.338666667,0.338666667,0.338666667,29.464,20.83806363,8.625936369,61.61352349,8.553597468,4.44089E-16,12.28446616,127.2955556,0.1165945,-1.934395183
4/22/2006,2006,7,2006_7,1.778,12.32638889,1.778,0,0,0,1.778,27.8923074,-26.1143074,67.18666973,9.436988341,-5.77316E-15,18.45531906,197.2222222,0.1249397,-1.477471594
5/8/2006,2006,8,2006_8,2.794,15.48611111,2.794,0,0,0,2.794,34.32118677,-31.52718677,59.40314962,10.8211634,3.55271E-15,23.50002337,247.7777778,0.1229557,-1.206603333
5/24/2006,2006,9,2006_9,7.366,20.24305556,7.366,0,0,0,7.366,45.757853,-38.391853,52.3007831,13.12137513,0,32.63647786,323.8888889,0.1232131,-0.647629022
6/9/2006,2006,10,2006_10,6.858,21.19791667,6.858,0,0,0,6.858,50.3952727,-43.5372727,45.70346772,12.70405339,-8.88178E-16,37.69121931,339.1666667,0.118365,-0.989801133
6/25/2006,2006,11,2006_11,0,23.55579861,0,0,0,0,0,56.17085525,-56.17085525,39.05545257,9.549417809,0,46.62143744,376.8927778,0.122962,-0.00864634
7/11/2006,2006,12,2006_12,12.954,24.11458333,12.954,0,0,0,12.954,57.25612586,-44.30212586,31.60233111,17.2615185,-4.44089E-16,39.99460736,385.8333333,0.1193187,0.419148862
7/27/2006,2006,13,2006_13,7.366,28.19444444,7.366,0,0,0,7.366,68.59602694,-61.23002694,26.86107978,13.53229854,-3.10862E-15,55.0637284,451.1111111,0.1187828,-0.246293716
8/12/2006,2006,14,2006_14,35.052,23.17708333,35.052,0,0,0,35.052,52.11087637,-17.05887637,31.52433475,23.66499771,1.13243E-14,28.44587866,370.8333333,0.1213275,-0.268065522
8/28/2006,2006,15,2006_15,8.89,22.82986111,8.89,0,0,0,8.89,49.06114859,-40.17114859,32.65307556,13.63675442,3.33067E-16,35.42439417,365.2777778,0.1177952,-0.160762561
9/13/2006,2006,16,2006_16,2.286,21.52777778,2.286,0,0,0,2.286,44.05279883,-41.76679883,27.68301129,7.381974333,-2.33147E-15,36.67082449,344.4444444,0.1137616,0.772658974
9/29/2006,2006,17,2006_17,12.446,13.8584375,12.446,0,0,0,12.446,28.10918273,-15.66318273,32.2148168,6.827526464,3.77476E-15,21.28165626,221.735,0.1104533,-0.340844388
10/15/2006,2006,18,2006_18,113.284,12.67361111,113.284,0,0,0,113.284,25.10332168,88.18067832,86.6727561,14.22265981,1.4766E-14,10.88066187,202.7777778,0.1123724,-0.398968573
10/31/2006,2006,19,2006_19,19.304,7.447916667,19.304,0,0,0,19.304,17.57087621,1.733123787,141.5783789,11.97170706,-7.66054E-15,5.599169157,119.1666667,0.1162693,-0.247279081
11/16/2006,2006,20,2006_20,0,6.615798611,0,0,0,0,0,16.04507661,-16.04507661,132.3032764,9.272207759,0,6.77286885,105.8527778,0.1092612,-0.777308305
12/2/2006,2006,21,2006_21,0.254,1.499340278,0,0.254,0.254,0,0,11.77636575,-11.77636575,124.415126,6.405385693,0,5.370980057,54.545,0.1114608,0.737355063
12/18/2006,2006,22,2006_22,8.636,-0.815972222,0,8.636,8.636,0.254,0.254,9.594605906,-9.340605906,119.3928797,5.106376965,-4.88498E-15,4.488228941,6.388888889,0.0994907,-0.497658207
1/1/2007,2006,23,2006_23,4.572,-0.461794872,0.082314815,4.489685185,12.954,13.12568519,13.208,7.901967738,5.306032262,118.4435567,4.749888802,-6.88338E-15,3.152078936,6.004444444,0.102903,-1.027274072
1/17/2007,2007,1,2007_1,0.254,-2.621527778,0.199907407,0.054092593,0.054092593,0.054092593,0.254,8.922669174,-8.668669174,122.7811861,4.897221157,-4.94049E-15,4.025448017,13.61111111,0.1010652,-1.241871332
2/2/2007,2007,2,2007_2,0,-1.371527778,0,0,0,0,0,9.7948834,-9.7948834,118.3429614,5.040127737,0,4.754755663,5.555555556,0.1040058,-1.247992244
2/18/2007,2007,3,2007_3,0,5.486111111,0,0,0,0,0,15.28437333,-15.28437333,111.8879498,7.448335193,0,7.836038139,87.77777778,0.1145634,-1.715283785
3/5/2007,2007,4,2007_4,3.25,2.256944444,0.92662963,2.32337037,1.98,2.32337037,3.25,13.55491658,-10.30491658,105.6177612,7.806821308,5.27356E-15,5.748095271,43.88888889,0.1129475,-1.821409985
3/21/2007,2007,5,2007_5,1.524,12.10493056,1.524,0,0,0,1.524,24.92075647,-23.39675647,98.42305891,11.56793005,-2.66454E-15,13.35282641,193.6788889,0.1190897,-1.155215392
4/6/2007,2007,6,2007_6,17.272,10.76388889,13.27385185,3.998148148,3.998148148,3.998148148,17.272,24.85381725,-7.581817249,100.4703631,13.47549666,1.65423E-14,11.37832059,172.2222222,0.1247625,0.186645236
4/22/2007,2007,7,2007_7,14.732,8.888888889,14.59794444,0.134055556,0.134055556,0,14.59794444,23.05058675,-8.452642302,96.46488153,12.17512393,-1.11022E-15,10.87546281,142.2222222,0.1378428,-1.105886893
5/8/2007,2007,8,2007_8,0.762,14.89583333,0.762,0,0,0.134055556,0.896055556,33.86240698,-32.96635142,92.68598045,14.25189566,1.0103E-14,19.61051131,238.3333333,0.1376276,1.073094105
5/24/2007,2007,9,2007_9,1.27,18.55902778,1.27,0,0,0,1.27,42.02795508,-40.75795508,78.56010638,15.343582,3.10862E-15,26.68437308,296.9444444,0.13185,-0.72151598
6/9/2007,2007,10,2007_10,2.032,19.40972222,2.032,0,0,0,2.032,45.26784962,-43.23584962,65.49603149,14.47162575,2.66454E-15,30.79622387,310.5555556,0.1293731,-0.837795349
6/25/2007,2007,11,2007_11,0,25.79861111,0,0,0,0,0,62.65280083,-62.65280083,52.56381743,14.34283659,0,48.30996423,412.7777778,0.1267381,-0.69150243
7/11/2007,2007,12,2007_12,1.778,27.88194444,1.778,0,0,0,1.778,68.88258245,-67.10458245,39.19596999,13.36944922,1.33227E-15,55.51313323,446.1111111,0.1267555,-0.295696472
7/27/2007,2007,13,2007_13,14.224,26.5625,14.224,0,0,0,14.224,63.38851507,-49.16451507,32.03087206,17.27774459,1.33227E-15,46.11077048,425,0.1242406,-0.370476166
8/12/2007,2007,14,2007_14,23.368,25.27777778,23.368,0,0,0,23.368,57.61498896,-34.24698896,38.5322644,17.38180644,-4.44089E-15,40.23318252,404.4444444,0.1269113,-0.315947489
8/28/2007,2007,15,2007_15,19.558,24.51388889,19.558,0,0,0,19.558,53.46086696,-33.90286696,38.36963533,17.82655709,4.44089E-16,35.63430987,392.2222222,0.1261623,-0.158547624
9/13/2007,2007,16,2007_16,2.54,22.95138889,2.54,0,0,0,2.54,47.11597478,-44.57597478,35.05177158,9.389895439,0,37.72607934,367.2222222,0.1247333,-0.363447573
9/29/2007,2007,17,2007_17,16.764,16.30208333,16.764,0,0,0,16.764,32.37811597,-15.61411597,36.76200155,6.89082765,-1.77636E-15,25.48728832,260.8333333,0.1265242,-0.383787376
10/15/2007,2007,18,2007_18,1.27,12.48263889,1.27,0,0,0,1.27,24.6367797,-23.3667797,39.76156935,5.317954811,-4.10783E-15,19.31882489,199.7222222,0.1227111,0.273118987
10/31/2007,2007,19,2007_19,0,10.34722222,0,0,0,0,0,20.78547165,-20.78547165,36.14206112,3.270941225,0,17.51453043,165.5555556,0.1178514,-0.400941869
11/16/2007,2007,20,2007_20,0.508,9.858472222,0.508,0,0,0,0.508,19.05659774,-18.54859774,33.08661545,3.187525076,-2.66454E-15,15.86907266,157.7355556,0.1125706,-0.616704303
12/2/2007,2007,21,2007_21,9.652,2.256944444,5.103518519,4.548481481,2.770481481,2.889111111,7.99262963,12.11365173,-4.121022097,32.50789834,3.625320882,-2.55351E-15,8.488330844,43.05555556,0.1109525,-0.540963769
12/18/2007,2007,22,2007_22,7.874,-2.03125,4.115740741,3.758259259,2.234259259,3.89362963,8.00937037,9.001224095,-0.991853725,40.51126118,3.394059962,2.22045E-16,5.607164134,8.055555556,0.1044665,-0.667343367
1/1/2008,2007,23,2007_23,0.508,-4.559957265,0,0.508,2.032,0,0,6.190846982,-6.190846982,40.27730312,1.085853929,0,5.104993054,0,0.1177557,-0.951022154
1/17/2008,2008,1,2008_1,2.54,-2.777777778,0,2.54,2.54,2.032,2.032,8.67246444,-6.64046444,40.1790841,2.069261498,8.88178E-16,6.603202942,3.333333333,,-0.995033497
2/2/2008,2008,2,2008_2,6.858,-4.114583333,0.658518519,6.199481481,5.334,4.444444444,5.102962963,8.265360225,-3.162397262,40.71611336,2.039648899,-1.77636E-15,6.225711326,1.111111111,,-1.237738833
2/18/2008,2008,3,2008_3,0.508,1.041666667,0,0.508,4.295037037,4.803037037,4.803037037,11.92181737,-7.118780335,43.62573515,3.977726146,-5.55112E-16,7.944091226,29.72222222,0.1039226,-1.360685348
3/5/2008,2008,4,2008_4,1.016,4.583333333,1.016,0,0,0,1.016,15.45341845,-14.43741845,42.26266362,3.671874633,1.77636E-15,11.78154382,73.33333333,0.1043606,-1.322166312
3/21/2008,2008,5,2008_5,11.938,5.451388889,5.526851852,6.411148148,6.411148148,6.411148148,11.938,17.15202507,-5.214025073,42.30780036,4.73887117,-1.77636E-15,12.4131539,87.22222222,0.1068535,-1.476683476
4/6/2008,2008,6,2008_6,0.508,7.96875,0.399814815,0.108185185,0.108185185,0.108185185,0.508,20.83790554,-20.32990554,45.98328925,4.585183739,-2.60902E-15,16.2527218,127.5,0.1211142,-1.656932178
4/22/2008,2008,7,2008_7,0.254,9.114583333,0.254,0,0,0,0.254,23.54883604,-23.29483604,41.99609015,4.503539754,2.22045E-15,19.04529629,145.8333333,0.1225474,-1.610055922
5/8/2008,2008,8,2008_8,0.762,12.15277778,0.762,0,0,0,0.762,29.13673784,-28.37473784,37.43500405,5.389236161,-1.44329E-15,23.74750168,194.4444444,0.1206532,0.881114308
5/24/2008,2008,9,2008_9,10.414,15.32986111,10.414,0,0,0,10.414,36.43105687,-26.01705687,32.9639227,7.823463648,-2.88658E-15,28.60759322,245.2777778,0.1307317,-1.189960461
6/9/2008,2008,10,2008_10,0.762,16.78819444,0.762,0,0,0,0.762,39.48984494,-38.72784494,34.78500753,6.62477636,-4.44089E-16,32.86506858,268.6111111,0.1255407,-0.824578051
6/25/2008,2008,11,2008_11,0,23.4375,0,0,0,0,0,56.1844433,-56.1844433,28.41362023,6.928735503,0,49.2557078,375,0.1260191,0.644783304
7/11/2008,2008,12,2008_12,2.032,26.42361111,2.032,0,0,0,2.032,64.07888579,-62.04688579,21.79192144,7.952663091,0,56.1262227,422.7777778,0.1301627,-0.335079506
7/27/2008,2008,13,2008_13,5.842,26.54513889,5.842,0,0,0,5.842,63.24469308,-57.40269308,16.99683807,9.80256657,-1.33227E-15,53.44212651,424.7222222,0.1190376,-0.39269671
8/12/2008,2008,14,2008_14,13.97,25.12152778,13.97,0,0,0,13.97,57.64377107,-43.67377107,14.35098206,13.75978465,1.11022E-15,43.88398642,401.9444444,0.1233929,-0.353196942
8/28/2008,2008,15,2008_15,0.508,25.10416667,0.508,0,0,0,0.508,55.02467903,-54.51667903,13.58101376,3.751431605,8.88178E-16,51.27324742,401.6666667,0.1213744,0.118726061
9/13/2008,2008,16,2008_16,1.016,20.24225694,1.016,0,0,0,1.016,41.41270385,-40.39670385,10.9932822,2.969231429,-1.77636E-15,38.44347242,323.8761111,0.1220851,-0.395752966
9/29/2008,2008,17,2008_17,0,19.72222222,0,0,0,0,0,37.89712835,-37.89712835,9.317758805,1.545355897,0,36.35177245,315.5555556,0.1201062,-0.34936918
10/15/2008,2008,18,2008_18,6.858,13.47222222,6.858,0,0,0,6.858,26.74325635,-19.88525635,11.60594245,2.779052802,0,23.96420354,215.5555556,0.1124585,-0.353322341
10/31/2008,2008,19,2008_19,2.54,12.55208333,2.54,0,0,0,2.54,23.46789182,-20.92789182,12.14787933,3.631665669,-4.44089E-16,19.83622616,200.8333333,0.1100975,-0.544359917
11/16/2008,2008,20,2008_20,1.016,8.107638889,0.500944444,0.515055556,0.515055556,0.515055556,1.016,17.58935137,-16.57335137,11.17768041,1.823488291,-9.99201E-16,15.76586308,129.7222222,0.1056593,-0.691759823
12/2/2008,2008,21,2008_21,13.97,6.748194444,12.93518519,1.034814815,1.034814815,1.034814815,13.97,15.39249422,-1.422494222,14.19844649,2.697661479,7.77156E-16,12.69483274,107.9711111,0.1069646,-0.416430206
12/18/2008,2008,22,2008_22,11.43,-0.173611111,0,11.43,11.43,0,0,10.08781431,-10.08781431,21.53263518,0.947479127,0,9.140335183,20.27777778,,-0.535698522
1/1/2009,2008,23,2008_23,6.92,-5.282264957,0,6.92,18.35,0,0,5.900357364,-5.900357364,20.83781552,0.53522114,0,5.365136224,0,,-0.641043234
1/17/2009,2009,1,2009_1,0,-0.972222222,0,0,18.35,18.35,18.35,9.829879319,8.520120681,26.81237506,3.105276754,-4.66294E-15,6.724602565,20.27777778,0.0916005,-1.191420339
2/2/2009,2009,2,2009_2,4.902,2.256944444,0.254,4.648,4.648,4.648,4.902,12.09000116,-7.188001158,36.12386828,2.736403535,0,9.353597623,38.05555556,0.0975273,-1.25240878
2/18/2009,2009,3,2009_3,0.508,1.319444444,0,0.508,0.508,0.508,0.508,12.04440457,-11.53640457,36.94674526,2.367352168,-2.66454E-15,9.677052399,29.44444444,0.1040935,-1.315907909
3/5/2009,2009,4,2009_4,0.254,5.885416667,0.254,0,0,0,0.254,16.68443021,-16.43043021,34.88516379,2.746200184,2.22045E-15,13.93823002,94.16666667,0.1034863,-2.042426611
3/21/2009,2009,5,2009_5,0,8.159722222,0,0,0,0,0,20.5071076,-20.5071076,32.31304889,2.870889605,0,17.63621799,130.8333333,0.107563,-1.423527422
4/6/2009,2009,6,2009_6,3.048,5.277777778,1.222962963,1.825037037,1.716851852,1.825037037,3.048,17.86923175,-14.82123175,29.74317901,4.340678653,1.38778E-15,13.5285531,84.44444444,0.1114738,-0.11495057
4/22/2009,2009,7,2009_7,5.08,11.00694444,5.08,0,0,0,5.08,26.39747802,-21.31747802,29.97350385,5.669871866,3.33067E-15,20.72760615,176.1111111,0.1145653,-0.168688198
5/8/2009,2009,8,2009_8,0,15.26041667,0,0,0,0,0,34.18432336,-34.18432336,26.84711919,3.991672617,0,30.19265075,244.1666667,0.1197696,-1.296574313
5/24/2009,2009,9,2009_9,21.844,18.68055556,21.844,0,0,0,21.844,42.27404629,-20.43004629,26.5792016,9.271604943,5.32907E-15,33.00244134,298.8888889,0.119822,-0.812492735
6/9/2009,2009,10,2009_10,12.192,18.61111111,12.192,0,0,0,12.192,42.95721473,-30.76521473,37.7600611,13.65252576,6.21725E-15,29.30468898,297.7777778,0.1246046,-1.029473257
6/25/2009,2009,11,2009_11,10.668,19.11496528,10.668,0,0,0,10.668,44.72938163,-34.06138163,33.54414181,10.92454648,7.54952E-15,33.80483515,305.8394444,0.1185739,-0.719287604
7/11/2009,2009,12,2009_12,14.224,24.84375,14.224,0,0,0,14.224,59.32286759,-45.09886759,36.67368988,13.72078877,1.9984E-15,45.60207882,397.5,0.1152432,-0.641835322
7/27/2009,2009,13,2009_13,3.556,27.13541667,3.556,0,0,0,3.556,65.15485523,-61.59885523,31.38283521,12.0775991,6.21725E-15,53.07725613,434.1666667,0.1229957,-0.408796113
8/12/2009,2009,14,2009_14,4.826,24.54861111,4.826,0,0,0,4.826,55.87593482,-51.04993482,24.69803197,10.34911094,-4.44089E-16,45.52682388,392.7777778,0.1186738,-0.085126353
8/28/2009,2009,15,2009_15,10.668,22.89930556,10.668,0,0,0,10.668,49.34461191,-38.67661191,26.39317887,9.045100463,6.66134E-16,40.29951145,366.3888889,0.1167591,-0.251362716
9/13/2009,2009,16,2009_16,12.192,23.22010417,12.192,0,0,0,12.192,47.97417743,-35.78217743,21.86125384,8.854240677,2.22045E-15,39.11993675,371.5216667,0.1150727,-0.374320924
9/29/2009,2009,17,2009_17,5.588,18.31597222,5.588,0,0,0,5.588,35.49263299,-29.90463299,28.32504168,6.535019318,4.44089E-16,28.95761367,293.0555556,0.1138332,-0.348447339
10/15/2009,2009,18,2009_18,0,11.64930556,0,0,0,0,0,23.48268686,-23.48268686,24.91294287,2.546641895,0,20.93604496,186.3888889,0.1090625,-0.478060889
10/31/2009,2009,19,2009_19,11.43,9.496527778,10.83733333,0.592666667,0.592666667,0.592666667,11.43,20.45977844,-9.029778439,28.99229319,4.835527776,-2.22045E-16,15.62425066,152.5,0.1061033,-0.039627862
11/16/2009,2009,20,2009_20,0,8.454861111,0,0,0,0,0,17.93204402,-17.93204402,28.99073459,2.271541192,0,15.66050283,135.2777778,0.1049663,-0.188461978
12/2/2009,2009,21,2009_21,0,3.063680556,0,0,0,0,0,12.38215094,-12.38215094,27.22117795,1.468280996,0,10.91386995,49.01888889,0.1005872,-0.799953362
12/18/2009,2009,22,2009_22,5.08,-5.486111111,0,5.08,5.08,0,0,7.276525528,-7.276525528,26.12266604,0.82669001,0,6.449835518,0,,-0.991720644
1/1/2010,2009,23,2009_23,0.508,-5.299145299,0,0.508,5.588,0,0,5.876443636,-5.876443636,25.36327008,0.648797171,0,5.227646465,0,,-1.219536182
1/17/2010,2010,1,2010_1,0,-3.559027778,0,0,5.588,5.588,5.588,8.283435454,-2.695435454,25.52382322,1.688213882,3.33067E-16,6.595221572,5.277777778,,-1.114323209
2/2/2010,2010,2,2010_2,30.48,-1.927083333,1.552222222,28.92777778,22.26111111,6.666666667,8.218888889,9.396152451,-1.177263562,33.98631712,2.594612803,1.11022E-15,6.801539648,2.777777778,,-1.891785594
2/18/2010,2010,3,2010_3,64.77,-1.371527778,0,64.77,87.03111111,36.66666667,36.66666667,10.32360503,26.34306164,45.22046269,4.546298206,-3.88578E-15,5.77730682,9.166666667,,-1.775958601
3/5/2010,2010,4,2010_4,9.398,0.763888889,0.117592593,9.280407407,58.53374074,59.64485185,59.76244444,12.37821367,47.38423078,85.63207773,8.35026278,1.37668E-14,4.027950886,24.44444444,0.0886138,-1.57458237
3/21/2010,2010,5,2010_5,25.4,4.322916667,13.208,12.192,7.196666667,12.192,25.4,16.05205976,9.347940236,133.2241709,11.92595532,2.33147E-15,4.126104439,69.16666667,0.0970443,-2.17805441
4/6/2010,2010,6,2010_6,1.27,7.375798611,1.27,0,0,0,1.27,20.24891164,-18.97891164,126.2687619,11.67953626,4.21885E-15,8.569375381,118.0127778,0.1094304,-1.923509244
4/22/2010,2010,7,2010_7,3.556,11.44097222,3.556,0,0,0,3.556,26.75745167,-23.20145167,114.6043311,14.15697103,-3.33067E-15,12.60048063,183.0555556,0.1196673,-1.140494649
5/8/2010,2010,8,2010_8,0,11.51041667,0,0,0,0,0,28.07767583,-28.07767583,103.7809743,12.70903481,0,15.36864102,184.1666667,0.1282744,-0.58846555
5/24/2010,2010,9,2010_9,3.048,13.31597222,3.048,0,0,0,3.048,32.05157052,-29.00357052,92.78614643,13.91194742,-7.99361E-15,18.1396231,213.0555556,0.1354915,-1.24092578
6/9/2010,2010,10,2010_10,0,22.04875,0,0,0,0,0,52.81345356,-52.81345356,78.38416046,17.85317793,0,34.96027563,352.78,0.1395451,-0.620976272
6/25/2010,2010,11,2010_11,6.35,20.15625,6.35,0,0,0,6.35,47.55849923,-41.20849923,65.10288678,16.57335521,-1.9984E-15,30.98514401,322.5,0.1446016,1.494545199
7/11/2010,2010,12,2010_12,3.556,24.53125,3.556,0,0,0,3.556,58.30480209,-54.74880209,51.83550132,16.04134348,-1.11022E-15,42.26345861,392.5,0.144657,-0.340598747
7/27/2010,2010,13,2010_13,18.796,26.68402778,18.796,0,0,0,18.796,63.80208533,-45.00608533,42.60242634,19.88318762,4.44089E-16,43.9188977,426.9444444,0.1444568,-0.308777565
8/12/2010,2010,14,2010_14,41.148,22.13541667,41.148,0,0,0,41.148,49.52761596,-8.379615959,56.71508254,22.8549648,1.11022E-14,26.67265116,354.1666667,0.1480808,-0.363747719
8/28/2010,2010,15,2010_15,40.894,23.64583333,40.894,0,0,0,40.894,51.24986969,-10.35586969,79.99574941,20.95454168,7.99361E-15,30.29532801,378.3333333,0.1413416,-0.173758011
9/13/2010,2010,16,2010_16,1.016,20.42267361,1.016,0,0,0,1.016,41.72319775,-40.70719775,76.0388637,14.57692842,-5.32907E-15,27.14626933,326.7627778,0.138095,0.457836621
9/29/2010,2010,17,2010_17,0,22.03125,0,0,0,0,0,42.7412804,-42.7412804,63.48743549,11.87786896,0,30.86341144,352.5,0.1239322,0.59207435
10/15/2010,2010,18,2010_18,57.15,15.20833333,57.15,0,0,0,57.15,28.98339152,28.16660848,88.66070465,14.25311303,-2.22045E-15,14.73027849,243.3333333,0.1221911,-0.086800558
10/31/2010,2010,19,2010_19,7.366,9.600694444,7.300148148,0.065851852,0.065851852,0.065851852,7.366,20.20530023,-12.83930023,99.11976104,11.10968885,1.13798E-14,9.09561138,153.6111111,0.1211029,0.176988111
11/16/2010,2010,20,2010_20,8.706,6.944444444,4.931259259,3.774740741,3.774740741,3.774740741,8.706,16.59490763,-7.888907632,95.05462602,8.311167169,4.27436E-15,8.283740463,111.9444444,0.127639,-0.324447758
12/2/2010,2010,21,2010_21,1.524,-0.902777778,0.47037037,1.05362963,1.05362963,0,0.47037037,10.04150216,-9.571131789,95.40934142,4.453008307,-4.55191E-15,5.588493852,21.66666667,0.1250368,-0.713761675
12/18/2010,2010,22,2010_22,0.762,2.534722222,0,0.762,0.762,1.05362963,1.05362963,11.71475954,-10.66112991,91.75699945,5.110999583,-5.21805E-15,6.603759961,43.33333333,,-0.601066741
1/1/2011,2010,23,2010_23,6.35,0.982905983,2.010833333,4.339166667,4.064,1.037166667,3.048,8.927137717,-5.879137717,89.06953276,4.613107874,7.21645E-15,4.314029843,35,,0.218951884
1/17/2011,2011,1,2011_1,0.254,-6.25,0,0.254,4.318,4.318,4.318,7.15334221,-2.83534221,87.24257948,3.618192053,-2.22045E-16,3.535150157,4.444444444,0.1006448,-1.242318514
2/2/2011,2011,2,2011_2,0,1.371527778,0,0,0,0,0,11.61044643,-11.61044643,86.3201423,4.371624994,0,7.238821434,32.5,0.1065674,-1.380116473
2/18/2011,2011,3,2011_3,0,-0.3125,0,0,0,0,0,11.22681021,-11.22681021,82.47011437,4.022409579,0,7.204400628,27.22222222,0.1097093,-1.721010314
3/5/2011,2011,4,2011_4,21.856,2.899305556,7.534814815,14.32118519,14.18637037,14.32118519,21.856,14.05401139,7.801988613,93.0084958,8.068373603,-8.65974E-15,5.985637784,51.11111111,0.1121534,-1.969920018
3/21/2011,2011,5,2011_5,8.582,7.864583333,7.851388889,0.730611111,0.497777778,0.730611111,8.582,19.75527807,-11.17327807,95.96608737,10.22175501,4.10783E-15,9.533523063,125.8333333,0.1167082,-1.292686744
4/6/2011,2011,6,2011_6,7.074,7.690972222,5.373518519,1.700481481,1.241777778,1.700481481,7.074,20.92368723,-13.84968723,91.40812446,11.32496858,-1.17684E-14,9.598718651,123.0555556,0.1157312,-1.635064264
4/22/2011,2011,7,2011_7,5.842,9.618055556,5.842,0,0,0,5.842,24.27130363,-18.42930363,84.76128695,11.35574894,-6.43929E-15,12.91555469,153.8888889,0.1302857,-1.347195301
5/8/2011,2011,8,2011_8,12.282,11.00694444,12.282,0,0,0,12.282,27.53547684,-15.25347684,85.11981928,13.79526718,2.44249E-15,13.74020966,176.1111111,0.1391527,-1.459313121
5/24/2011,2011,9,2011_9,19.05,12.51736111,19.05,0,0,0,19.05,30.55254214,-11.50254214,83.6508954,16.77032279,9.54792E-15,13.78221935,200.2777778,0.13726,-1.362816757
6/9/2011,2011,10,2011_10,0,17.36111111,0,0,0,0,0,40.38077544,-40.38077544,76.45296836,13.45492643,0,26.92584902,277.7777778,0.1347841,-0.849929015
6/25/2011,2011,11,2011_11,1.016,22.08333333,1.016,0,0,0,1.016,52.16533256,-51.14933256,62.7207752,14.99474936,1.77636E-15,37.1705832,353.3333333,0.1303657,-0.786197341
7/11/2011,2011,12,2011_12,38.862,24.28819444,38.862,0,0,0,38.862,57.98778717,-19.12578717,52.72641773,24.03745284,6.66134E-15,33.95033432,388.6111111,0.1243448,-0.592167165
7/27/2011,2011,13,2011_13,44.958,23.4375,44.958,0,0,0,44.958,54.54564115,-9.587641153,82.49666518,30.42541841,1.70974E-14,24.12022275,375,0.1209216,0.102526151
8/12/2011,2011,14,2011_14,15.494,24.77430556,15.494,0,0,0,15.494,56.27151819,-40.77751819,81.59813884,27.17956761,1.11022E-14,29.09195057,396.3888889,0.1208189,-0.263822625
8/28/2011,2011,15,2011_15,23.622,24.46180556,23.622,0,0,0,23.622,53.14623073,-29.52423073,71.52836065,28.36040925,-1.77636E-15,24.78582148,391.3888889,0.1209731,-0.133620822
9/13/2011,2011,16,2011_16,10.414,21.30208333,10.414,0,0,0,10.414,43.58955266,-33.17555266,64.22480122,18.80700676,-1.95399E-14,24.78254589,340.8333333,0.1170022,-0.2207019
9/29/2011,2011,17,2011_17,26.162,19.13194444,26.162,0,0,0,26.162,36.93102096,-10.76902096,74.83278972,15.83713268,-2.22045E-15,21.09388828,306.1111111,0.1127452,-0.278233174
10/15/2011,2011,18,2011_18,9.652,14.42708333,9.652,0,0,0,9.652,28.18435085,-18.53235085,71.97369198,10.05803051,1.08802E-14,18.12632034,230.8333333,0.1137272,-0.291462389
10/31/2011,2011,19,2011_19,8.382,11.18055556,8.382,0,0,0,8.382,22.23339049,-13.85139049,69.90578694,7.660274965,-5.10703E-15,14.57311553,178.8888889,0.1102515,-0.445798808
11/16/2011,2011,20,2011_20,20.066,2.899305556,5.268148148,14.79785185,14.79785185,14.79785185,20.066,12.95794809,7.108051915,76.97536121,6.41383228,1.35447E-14,6.544115805,48.61111111,0.1084127,-0.546599897
12/2/2011,2011,21,2011_21,4.572,3.454861111,1.940277778,2.631722222,2.631722222,0,1.940277778,12.73477969,-10.79450191,82.64853872,5.077195373,6.10623E-15,7.657584318,55.55555556,0.1078336,-0.941322975
12/18/2011,2011,22,2011_22,11.176,-2.447916667,0,11.176,13.80772222,0,0,8.677198915,-8.677198915,80.23604852,3.029419947,0,5.647778969,0,0.097047,-0.843566788
1/1/2012,2011,23,2011_23,0,-0.982905983,0,0,1.5855,13.80772222,13.80772222,7.695537363,6.11218486,89.61477907,4.125949101,-1.03251E-14,3.569588262,6.944444444,0.0911181,-1.082259546
1/17/2012,2012,1,2012_1,0,0.147395833,0,0,0,0,0,10.23389688,-10.23389688,86.38676883,3.850421863,0,6.383475018,10.41388889,0.1074407,-1.238753791
2/2/2012,2012,2,2012_2,1.778,1.5625,0,1.778,1.778,1.778,1.778,11.61684522,-9.838845222,83.08635946,4.649089941,-5.9952E-15,6.967755281,30.27777778,0.0945515,-1.539156722
2/18/2012,2012,3,2012_3,3.048,1.770833333,1.552222222,1.495777778,1.495777778,1.495777778,3.048,12.34084563,-9.292845631,80.07732879,5.335393219,-3.44169E-15,7.005452412,30.27777778,0.1060788,-1.980729217
3/5/2012,2012,4,2012_4,1.524,2.552083333,0.258703704,1.265296296,1.016,1.265296296,1.524,13.7624682,-12.2384682,77.11088646,5.631937085,2.16493E-15,8.130531112,43.33333333,0.1028096,-2.353024219
3/21/2012,2012,5,2012_5,1.778,8.020833333,1.43462963,0.34337037,0.34337037,0.34337037,1.778,19.93487867,-18.15687867,72.24822025,7.498249945,8.43769E-15,12.43662872,128.3333333,0.1132118,-1.764635464
4/6/2012,2012,6,2012_6,0,12.17013889,0,0,0,0,0,26.27172482,-26.27172482,65.62383023,7.516918556,0,18.75480627,194.7222222,0.112951,-1.670584268
4/22/2012,2012,7,2012_7,0,11.57986111,0,0,0,0,0,27.19734661,-27.19734661,58.67728854,6.92809101,0,20.2692556,185.2777778,0.1158452,-1.794321798
5/8/2012,2012,8,2012_8,0.508,16.59722222,0.508,0,0,0,0.508,36.65290719,-36.14490719,50.66295551,8.534484696,-2.66454E-15,28.1184225,265.5555556,0.1172482,-0.114146501
5/24/2012,2012,9,2012_9,5.588,18.59375,5.588,0,0,0,5.588,42.05096985,-36.46296985,44.35523423,9.957137518,-1.33227E-15,32.09383233,297.5,0.1140342,-0.813456469
6/9/2012,2012,10,2012_10,0.762,20.26041667,0.762,0,0,0,0.762,47.49810288,-46.73610288,38.70738205,8.631819931,-1.33227E-15,38.86628294,324.1666667,0.1134194,-0.506896706
6/25/2012,2012,11,2012_11,0,23.87152778,0,0,0,0,0,57.31052005,-57.31052005,30.89432334,7.703540121,0,49.60697993,381.9444444,0.11506,-0.128935641
7/11/2012,2012,12,2012_12,4.064,26.52777778,4.064,0,0,0,4.064,64.56579731,-60.50179731,23.62481749,10.36085892,6.66134E-16,54.20493839,424.4444444,0.1195984,-0.029642057
7/27/2012,2012,13,2012_13,25.654,24.60069444,25.654,0,0,0,25.654,57.71979142,-32.06579142,24.89822655,21.79130899,2.22045E-16,35.92848243,393.6111111,0.1166068,-0.322717334
8/12/2012,2012,14,2012_14,20.574,25.3125,20.574,0,0,0,20.574,57.74623817,-37.17223817,23.18447998,19.17325204,3.33067E-15,38.57298613,405,0.112423,-0.363012246
8/28/2012,2012,15,2012_15,17.78,24.46180556,17.78,0,0,0,17.78,53.42336022,-35.64336022,26.3149891,14.01952479,2.22045E-15,39.40383543,391.3888889,0.1145268,-0.231927406
9/13/2012,2012,16,2012_16,19.812,22.88194444,19.812,0,0,0,19.812,47.11316149,-27.30116149,28.91477718,14.06093082,-1.33227E-15,33.05223067,366.1111111,0.1114975,-0.251611789
9/29/2012,2012,17,2012_17,0,19.04513889,0,0,0,0,0,36.84542584,-36.84542584,32.68627745,5.284798508,0,31.56062733,304.7222222,0.1081748,-0.457759142
10/15/2012,2012,18,2012_18,22.86,15.92013889,22.86,0,0,0,22.86,29.91804693,-7.058046926,32.61799919,6.647110808,-4.44089E-16,23.27093612,254.7222222,0.1064809,-0.304765719
10/31/2012,2012,19,2012_19,0,11.54513889,0,0,0,0,0,22.61695718,-22.61695718,44.08540399,4.367131179,0,18.249826,184.7222222,0.1050234,0.25165194
11/16/2012,2012,20,2012_20,0,7.673611111,0,0,0,0,0,17.56686009,-17.56686009,40.3740574,3.107767442,0,14.45909265,126.3888889,0.1070176,-0.360764729
12/2/2012,2012,21,2012_21,0,5.434027778,0,0,0,0,0,14.19982893,-14.19982893,37.86920261,2.344279452,0,11.85554948,86.94444444,0.1104911,-0.483148617
12/18/2012,2012,22,2012_22,5.334,2.413194444,2.2225,3.1115,3.1115,3.1115,5.334,11.67378486,-6.339784863,36.51136204,3.590221584,-6.99441E-15,8.083563279,43.05555556,,-0.677345135
1/1/2013,2012,23,2012_23,1.27,-5.705128205,0,1.27,1.27,0,0,5.781750955,-5.781750955,38.03528397,0.957114017,0,4.824636938,0,,-0.898092836
1/17/2013,2013,1,2013_1,0.254,-7.065972222,0,0.254,1.27,1.27,1.27,6.741397113,-5.471397113,37.40426889,1.643272082,3.10862E-15,5.098125031,0.555555556,0.0835083,-1.193915626
2/2/2013,2013,2,2013_2,3.048,-1.041666667,0.529166667,2.518833333,2.06962963,2.772833333,3.302,10.04762166,-6.745621658,37.31463199,2.984155863,-1.11022E-15,7.063465795,15.83333333,0.0909259,-1.728033011
2/18/2013,2013,3,2013_3,12.7,0.538194444,0,12.7,12.7,12.7,12.7,11.50526728,1.194732719,39.97528062,3.387493799,-2.44249E-15,8.117773482,20.27777778,0.0956137,-1.670798302
3/5/2013,2013,4,2013_4,2.54,2.048611111,0,2.54,2.54,2.54,2.54,13.4973753,-10.9573753,46.18745788,3.467424829,-1.9984E-15,10.02995047,40.55555556,0.1034338,-2.208923028
3/21/2013,2013,5,2013_5,18.542,8.447638889,6.867407407,11.67459259,11.67459259,11.67459259,18.542,20.45135445,-1.909354454,57.00556281,7.122533354,3.66374E-15,13.3288211,135.1622222,0.1066984,-2.405675969
4/6/2013,2013,6,2013_6,0.508,9.6875,0.508,0,0,0,0.508,23.48571942,-22.97771942,54.70651028,5.960250836,-2.66454E-15,17.52546859,155.8333333,0.1084519,-1.613056378
4/22/2013,2013,7,2013_7,11.684,8.315972222,10.36931481,1.314685185,1.039518519,1.314685185,11.684,22.64836169,-10.96436169,56.3343313,8.718724697,1.11022E-16,13.92963699,133.0555556,0.1236385,-0.744431547
5/8/2013,2013,8,2013_8,12.7,12.98611111,12.7,0,0,0,12.7,30.47223132,-17.77223132,52.43821579,10.72513114,3.77476E-15,19.74710017,207.7777778,0.1205991,-1.159103526
5/24/2013,2013,9,2013_9,1.016,17.84722222,1.016,0,0,0,1.016,40.65472006,-39.63872006,52.02986026,10.01345447,-5.32907E-15,30.64126559,285.5555556,0.1165648,-1.269692831
6/9/2013,2013,10,2013_10,1.524,21.26736111,1.524,0,0,0,1.524,49.93346965,-48.40946965,43.25223794,10.60359427,3.33067E-15,39.32987538,340.2777778,0.1186286,-0.358188378
6/25/2013,2013,11,2013_11,0,23.88888889,0,0,0,0,0,56.79412293,-56.79412293,33.96073198,8.480400027,0,48.3137229,382.2222222,0.1108583,-0.899788246
7/11/2013,2013,12,2013_12,14.986,27.43055556,14.986,0,0,0,14.986,67.74960301,-52.76360301,28.5599859,16.09846828,0,51.65113473,438.8888889,0.1245581,0.164307051
7/27/2013,2013,13,2013_13,44.196,25.9375,44.196,0,0,0,44.196,61.50823422,-17.31223422,40.89268725,23.68098335,6.21725E-15,37.82725087,415,0.1136915,-0.366194868
8/12/2013,2013,14,2013_14,10.16,22.82986111,10.16,0,0,0,10.16,51.01829317,-40.85829317,46.51992474,16.4988866,5.32907E-15,34.51940657,365.2777778,0.1118952,-0.11887484
8/28/2013,2013,15,2013_15,12.192,23.00347222,12.192,0,0,0,12.192,49.83934542,-37.64734542,39.88866337,13.32307905,7.99361E-15,36.51626637,368.0555556,0.1189364,0.107820444
9/13/2013,2013,16,2013_16,108.204,21.75347222,108.204,0,0,0,108.204,44.88459573,63.31940427,66.11078716,21.50428787,-8.65974E-15,23.38030786,348.0555556,0.1377572,-0.287745151
9/29/2013,2013,17,2013_17,23.368,16.25,23.368,0,0,0,23.368,31.98325645,-8.615256451,139.2867653,20.89672642,8.88178E-16,11.08653003,260,0.1381317,-0.313035255
10/15/2013,2013,18,2013_18,0.508,11.84027778,0.508,0,0,0,0.508,24.1413652,-23.6333652,123.7822895,13.3374579,4.44089E-15,10.8039073,189.4444444,0.1271493,-0.249378752
10/31/2013,2013,19,2013_19,2.286,9.913194444,2.286,0,0,0,2.286,20.26699376,-17.98099376,113.5359175,10.62941437,-3.77476E-15,9.637579394,158.6111111,0.1195027,0.061432937
11/16/2013,2013,20,2013_20,0,6.40625,0,0,0,0,0,15.80565633,-15.80565633,106.3246981,7.319155363,0,8.486500972,102.5,0.1160409,-0.828583538
12/2/2013,2013,21,2013_21,30.988,1.145833333,4.527314815,26.46068519,26.46068519,23.33333333,27.86064815,11.24440745,16.61624069,113.6085977,6.973364656,7.21645E-15,4.271042798,31.94444444,0.0780359,-0.415621928
12/18/2013,2013,22,2013_22,1.778,-6.5625,0,1.778,1.778,3.127351852,3.127351852,6.89301641,-3.765664558,124.6809671,4.051739141,-3.44169E-15,2.841277269,1.666666667,,-0.242085139
1/1/2014,2013,23,2013_23,0,-0.833333333,0,0,1.778,1.778,1.778,7.722854229,-5.944854229,121.9638387,4.398441028,-6.88338E-15,3.324413201,4.722222222,0.0978061,-0.151879139
1/17/2014,2014,1,2014_1,0,1.25,0,0,0,0,0,11.1847577,-11.1847577,117.5111588,5.706889174,0,5.477868526,39.44444444,0.0961488,-1.248674642
2/2/2014,2014,2,2014_2,4.826,1.458333333,0.670277778,4.155722222,4.155722222,0,0.670277778,11.59981554,-10.92953777,111.5308891,5.985166902,-5.10703E-15,5.614648643,31.11111111,0.0916137,-1.462132874
2/18/2014,2014,3,2014_3,0.254,4.097222222,0.254,0,4.155722222,4.155722222,4.409722222,14.83518042,-10.4254582,108.7085638,7.548373635,-8.88178E-16,7.286806782,85.83333333,0.1081539,-1.619906461
3/5/2014,2014,4,2014_4,1.524,7.361111111,1.411111111,0.112888889,0.084666667,0.112888889,1.524,18.01830491,-16.49430491,102.0968631,8.844088352,-1.11022E-16,9.17421656,117.7777778,0.1147579,-1.504711868
3/21/2014,2014,5,2014_5,0.508,7.100694444,0.508,0,0,0,0.508,18.83867074,-18.33067074,94.82612464,8.072840763,4.44089E-15,10.76582998,113.6111111,0.1186647,-1.848159191
4/6/2014,2014,6,2014_6,0.254,7.8125,0.199907407,0.054092593,0.054092593,0.054092593,0.254,20.59319836,-20.33919836,86.89886102,7.971433479,-4.88498E-15,12.62176488,125,0.1226377,-1.587891267
4/22/2014,2014,7,2014_7,2.032,13.28125,2.032,0,0,0,2.032,29.59402785,-27.56202785,78.29201908,11.45836231,2.66454E-15,18.13566554,212.5,0.1268294,-1.109644746
5/8/2014,2014,8,2014_8,4.064,12.03125,4.064,0,0,0,4.064,29.24014535,-25.17614535,70.43338262,11.27610821,6.43929E-15,17.96403714,192.5,0.1344361,-1.391239609
5/24/2014,2014,9,2014_9,27.432,14.11458333,23.81955556,3.612444444,3.612444444,3.612444444,27.432,33.96105632,-6.529056319,82.96692328,15.15135217,-4.44089E-16,18.80970415,225.8333333,0.1281893,-0.82222772
6/9/2014,2014,10,2014_10,2.032,21.18055556,2.032,0,0,0,2.032,49.18614513,-47.15414513,71.31488905,16.69654415,3.55271E-15,32.48960098,338.8888889,0.1220373,-0.56919945
6/25/2014,2014,11,2014_11,1.27,22.39583333,1.27,0,0,0,1.27,52.91682819,-51.64682819,57.61236318,14.23176814,3.9968E-15,38.68506005,358.3333333,0.1193271,-0.194791188
7/11/2014,2014,12,2014_12,12.192,25.76388889,12.192,0,0,0,12.192,62.14682585,-49.95482585,45.50417673,21.46378944,-1.11022E-14,40.6830364,412.2222222,0.114776,1.062917493
7/27/2014,2014,13,2014_13,3.556,27.29166667,3.556,0,0,0,3.556,65.61622765,-62.06022765,36.6059313,13.53879626,8.88178E-16,52.07743139,436.6666667,0.111591,0.312894007
8/12/2014,2014,14,2014_14,23.622,23.36805556,23.622,0,0,0,23.622,52.36026428,-28.73826428,36.95199767,21.16139151,8.43769E-15,31.19887276,373.8888889,0.1109105,-0.352636665
8/28/2014,2014,15,2014_15,20.32,20.64236111,20.32,0,0,0,20.32,44.28933271,-23.96933271,42.71797074,14.14124826,-2.22045E-15,30.14808445,330.2777778,0.1142372,0.427071229
9/13/2014,2014,16,2014_16,31.75,21.23263889,31.75,0,0,0,31.75,43.31427011,-11.56427011,47.72584353,14.55143462,-3.55271E-15,28.7628355,339.7222222,0.1147945,0.674546432
9/29/2014,2014,17,2014_17,15.748,20.39930556,15.748,0,0,0,15.748,39.72620326,-23.97820326,55.20493146,16.06464893,-6.88338E-15,23.66155432,326.3888889,0.1141451,-0.028980997
10/15/2014,2014,18,2014_18,0,14.79166667,0,0,0,0,0,27.91156432,-27.91156432,54.18227472,6.599805942,0,21.31175838,236.6666667,0.1087311,-0.182345065
10/31/2014,2014,19,2014_19,0,14.04513889,0,0,0,0,0,25.39870765,-25.39870765,48.10788444,5.347879129,0,20.05082852,224.7222222,0.1066597,0.458452241
11/16/2014,2014,20,2014_20,7.874,5.729166667,1.199444444,6.674555556,4.374444444,5.390444444,6.589888889,15.53146721,-8.941578317,44.78927982,4.162846729,3.44169E-15,11.36862048,95,0.0992739,-0.462631017
12/2/2014,2014,21,2014_21,1.016,3.888888889,0.940740741,0.075259259,1.284111111,1.284111111,2.224851852,13.12214118,-10.89728933,47.46813057,3.983839074,-6.66134E-16,9.138302104,63.33333333,,-0.431253972
12/18/2014,2014,22,2014_22,2.54,2.65625,1.42287037,1.11712963,0.623240741,1.192388889,2.615259259,11.79295843,-9.177699167,45.4543202,4.242927441,4.71845E-15,7.550030985,43.88888889,0.1068044,-0.788997391
1/1/2015,2014,23,2014_23,26.67,-2.200854701,1.999074074,24.67092593,24.67092593,0,1.999074074,7.302549607,-5.303475533,45.01640415,2.08725468,1.11022E-15,5.215294927,11.38888889,0.0911179,0.372186896
1/17/2015,2015,1,2015_1,1.016,-1.440972222,0.15287037,0.86312963,24.67092593,25.53405556,25.68692593,9.436067942,16.25085798,51.75075522,5.280881507,-5.9952E-15,4.155186435,8.055555556,0.0975614,-1.367252037
2/2/2015,2015,2,2015_2,13.208,2.373958333,6.926203704,6.281796296,5.597407407,6.281796296,13.208,12.21989553,0.988104466,65.36404389,5.348223417,5.55112E-16,6.871672117,42.98333333,0.0962333,-0.733657479
2/18/2015,2015,3,2015_3,0,7.724756944,0,0,0,0,0,17.39003597,-17.39003597,70.15121798,5.31750834,0,12.07252763,123.5961111,0.0909418,-1.299691132
3/5/2015,2015,4,2015_4,35.814,1.927083333,7.032037037,28.78196296,13.41261111,20.92490741,27.95694444,13.28881654,14.6681279,76.37679513,7.860770818,2.16493E-15,5.428045723,39.16666667,0.0962489,-1.838415386
3/21/2015,2015,5,2015_5,0.762,10.55555556,0.762,0,0,7.857055556,8.619055556,22.88191628,-14.26286073,90.66331584,10.03766589,-1.55431E-15,12.84425039,168.8888889,0.1057718,-1.744252412
4/6/2015,2015,6,2015_6,0,12.03125,0,0,0,0,0,26.32167348,-26.32167348,81.21578437,9.340981953,0,16.98069153,192.5,0.1147648,-0.970855482
4/22/2015,2015,7,2015_7,1.27,10.24305556,0.677333333,0.592666667,0.592666667,0.592666667,1.27,25.11083441,-23.84083441,73.00705292,8.855750904,3.9968E-15,16.25508351,163.8888889,0.119789,-1.254412718
5/8/2015,2015,8,2015_8,3.81,14.49652778,3.81,0,0,0,3.81,33.04051631,-29.23051631,65.80631889,11.50889617,-9.54792E-15,21.53162014,231.9444444,0.1200423,-0.757782498
5/24/2015,2015,9,2015_9,18.796,12.89930556,18.796,0,0,0,18.796,31.06388248,-12.26788248,64.26712495,13.54548968,-1.53211E-14,17.51839281,206.3888889,0.136298,-1.083747217
6/9/2015,2015,10,2015_10,34.036,18.78472222,34.036,0,0,0,34.036,43.67050151,-9.634501507,68.97985053,17.54553114,-1.73195E-14,26.12497037,300.5555556,0.1369002,-0.791286369
6/25/2015,2015,11,2015_11,2.794,24.93055556,2.794,0,0,0,2.794,60.57263672,-57.77863672,74.11601266,21.3421657,7.54952E-15,39.23047103,398.8888889,0.1400261,0.313347943
7/11/2015,2015,12,2015_12,25.654,25.59027778,25.654,0,0,0,25.654,62.86396099,-37.20996099,59.28726646,25.83267332,-2.44249E-15,37.03128767,409.4444444,0.1334865,-0.484457662
7/27/2015,2015,13,2015_13,36.83,22.93402778,36.83,0,0,0,36.83,52.97390881,-16.14390881,76.72980371,28.05303936,-4.44089E-16,24.92086944,366.9444444,0.1251215,-0.29218737
8/12/2015,2015,14,2015_14,7.366,23.33333333,7.366,0,0,0,7.366,52.48192505,-45.11592505,67.89857929,18.42849846,2.66454E-15,34.05342659,373.3333333,0.1310449,-0.263977055
8/28/2015,2015,15,2015_15,42.926,24.65277778,42.926,0,0,0,42.926,53.98128789,-11.05528789,64.63210238,22.63547435,-1.77636E-15,31.34581354,394.4444444,0.1187563,-0.326093406
9/13/2015,2015,16,2015_16,18.034,22.60045139,18.034,0,0,0,18.034,46.19790668,-28.16390668,86.25317655,19.80452478,-1.11022E-14,26.3933819,361.6072222,0.1147789,-0.284029789
9/29/2015,2015,17,2015_17,5.588,20.57291667,5.588,0,0,0,5.588,39.69211829,-34.10411829,78.14070629,14.94158235,0,24.75053594,329.1666667,0.1139685,-0.289342003
10/15/2015,2015,18,2015_18,16.764,17.19038194,16.764,0,0,0,16.764,31.72419421,-14.96019421,76.55819482,13.05864094,-9.10383E-15,18.66555327,275.0461111,0.1138671,-0.357791937
10/31/2015,2015,19,2015_19,5.334,11.25,5.334,0,0,0,5.334,21.76185843,-16.42785843,72.56169953,9.53852711,1.4766E-14,12.22333132,180,0.109144,-0.511005158
11/16/2015,2015,20,2015_20,0,4.739583333,0,0,0,0,0,14.41532127,-14.41532127,68.66114223,4.322581077,0,10.09274019,75.83333333,0.1094373,-0.172844401
12/2/2015,2015,21,2015_21,0,0.885416667,0,0,0,0,0,11.12992058,-11.12992058,64.96511755,3.156926322,0,7.972994256,34.72222222,0.0920913,0.284530601
12/18/2015,2015,22,2015_22,10.922,-1.027152778,0,10.922,10.922,0,0,9.497356757,-9.497356757,62.22688559,2.575662893,0,6.921693865,8.843333333,,-0.86139281
1/1/2016,2015,23,2015_23,2.794,-3.931623932,0.611481481,2.182518519,10.922,10.922,11.53348148,6.502976505,5.030504977,68.22584905,3.391341945,-1.25455E-14,3.11163456,5,,-1.039939203
1/17/2016,2016,1,2016_1,2.286,-2.777777778,0,2.286,4.468518519,4.468518519,4.468518519,8.663672672,-4.195154154,68.1692174,3.507687249,4.21885E-15,5.155985423,1.388888889,,-1.266373473
2/2/2016,2016,2,2016_2,13.716,-0.173611111,0,13.716,13.716,0,0,10.52715904,-10.52715904,68.49457713,3.140627731,0,7.386531304,15.55555556,,-1.436097581
2/18/2016,2016,3,2016_3,0,0.121527778,0,0,13.716,13.716,13.716,11.86396199,1.852038014,71.8299495,5.558421687,9.99201E-16,6.305540298,44.72222222,0.114457,-1.852822291
3/5/2016,2016,4,2016_4,0,8.368055556,0,0,0,0,0,19.17970935,-19.17970935,72.22368222,6.017900433,0,13.16180892,133.8888889,0.1106343,-1.461326625
3/21/2016,2016,5,2016_5,0.762,9.114583333,0.762,0,0,0,0.762,20.97377875,-20.21177875,66.19288381,6.583450203,-1.44329E-15,14.39032855,145.8333333,0.1183472,-2.019701468
4/6/2016,2016,6,2016_6,2.032,8.194444444,2.032,0,0,0,2.032,21.3189007,-19.2869007,61.06765908,6.885644608,-2.22045E-15,14.43325609,131.1111111,0.1132648,-0.562695125
4/22/2016,2016,7,2016_7,5.08,11.5625,4.430888889,0.649111111,0.649111111,0.649111111,5.08,26.83474904,-21.75474904,55.97552286,9.436529233,8.43769E-15,17.3982198,185,0.136225,-1.325064381
5/8/2016,2016,8,2016_8,24.384,11.59722222,23.29744444,1.086555556,1.086555556,1.086555556,24.384,28.34162717,-3.957627174,63.05428135,13.1338188,-2.64233E-14,15.20780837,185.5555556,0.1374742,-1.377697661
5/24/2016,2016,9,2016_9,12.192,15.41666667,12.192,0,0,0,12.192,35.63106258,-23.43906258,64.08900108,15.24257056,-9.10383E-15,20.38849202,246.6666667,0.127342,-0.516657508
6/9/2016,2016,10,2016_10,0.762,20.92013889,0.762,0,0,0,0.762,49.37656285,-48.61456285,56.68333375,12.64429952,-1.33227E-15,36.73226333,334.7222222,0.1234155,2.908681481
6/25/2016,2016,11,2016_11,1.27,25.05600694,1.27,0,0,0,1.27,60.94296179,-59.67296179,44.37065229,12.80678238,-3.9968E-15,48.13617941,400.8961111,0.1235196,0.05716791
7/11/2016,2016,12,2016_12,26.162,24.54861111,26.162,0,0,0,26.162,58.83610308,-32.67410308,43.07112095,21.58306095,1.33227E-15,37.25304212,392.7777778,0.1214544,-0.529254459
7/27/2016,2016,13,2016_13,27.686,25.43402778,27.686,0,0,0,27.686,60.181359,-32.495359,49.14054311,16.71542451,6.88338E-15,43.46593449,406.9444444,0.1174466,-0.380070697
8/12/2016,2016,14,2016_14,6.858,25.60763889,6.858,0,0,0,6.858,58.75870394,-51.90070394,48.40133752,17.2104001,6.66134E-15,41.54830384,409.7222222,0.1208332,-0.03162007
8/28/2016,2016,15,2016_15,13.462,22.60416667,13.462,0,0,0,13.462,48.70204086,-35.24004086,40.96431088,12.77508671,-2.66454E-15,35.92695415,361.6666667,0.1152507,-0.109840565
9/13/2016,2016,16,2016_16,2.032,21.45833333,2.032,0,0,0,2.032,43.6323214,-41.6003214,40.7767148,9.449682766,2.66454E-15,34.18263864,343.3333333,0.1164893,-0.285940163
9/29/2016,2016,17,2016_17,35.306,16.54513889,35.306,0,0,0,35.306,32.51772264,2.78827736,48.64654977,10.2073007,2.55351E-15,22.31042194,264.7222222,0.1145644,-0.323088873
10/15/2016,2016,18,2016_18,5.588,13.61111111,5.588,0,0,0,5.588,26.2376169,-20.6496169,62.86451475,8.549649457,3.77476E-15,17.68796744,217.7777778,0.116749,-0.504162301
10/31/2016,2016,19,2016_19,5.334,13.68055556,5.334,0,0,0,5.334,24.86664446,-19.53264446,57.97761764,7.491902841,2.66454E-15,17.37474162,218.8888889,0.1148848,-0.339912559
11/16/2016,2016,20,2016_20,0.508,11.23263889,0.508,0,0,0,0.508,20.51246914,-20.00446914,54.81380539,5.288882818,-2.66454E-15,15.22358632,179.7222222,0.1126419,-0.771753104
12/2/2016,2016,21,2016_21,9.144,2.291666667,5.926666667,3.217333333,3.217333333,3.217333333,9.144,12.00212183,-2.858121834,56.26642301,4.153301819,-2.9976E-15,7.848820015,40.83333333,0.1108464,-0.250089836
12/18/2016,2016,22,2016_22,0,0.920138889,0,0,0,0,0,10.92693391,-10.92693391,56.27839898,2.672627288,0,8.254306621,39.44444444,0.110872,-0.274392528
1/1/2017,2016,23,2016_23,3.048,-3.525641026,0,3.048,3.048,3.048,3.048,6.591271842,-3.543271842,55.47739267,2.093003793,-3.10862E-15,4.49826805,1.111111111,,-1.091832617
1/17/2017,2017,1,2017_1,15.748,-0.607638889,3.386666667,12.36133333,6.604,12.36133333,15.748,10.07545161,5.672548394,59.39988948,5.518782647,6.10623E-16,4.55666896,22.77777778,0.0960569,-1.344420471
2/2/2017,2017,2,2017_2,3.81,-1.458333333,0.211666667,3.598333333,2.286,3.598333333,3.81,9.726178279,-5.916178279,66.01490064,3.773612162,-8.43769E-15,5.952566117,4.444444444,0.1129851,-1.426154998
2/18/2017,2017,3,2017_3,0.508,7.1875,0.493888889,0.014111111,0.014111111,0.014111111,0.508,16.94046668,-16.43246668,63.73105827,5.069291754,-2.66454E-15,11.87117493,115,0.1116352,-2.066632339
3/5/2017,2017,4,2017_4,2.54,3.402777778,1.810925926,0.729074074,0.508,0.602074074,2.413,14.53262099,-12.11962099,60.09354309,5.440905078,-2.10942E-15,9.091715916,60,0.1128541,-2.213476466
3/21/2017,2017,5,2017_5,0,12.70833333,0,0,0.127,0.127,0.127,26.29756458,-26.17056458,55.5581701,6.42530913,-1.11022E-16,19.87225545,205,0.1200877,-1.621714838
4/6/2017,2017,6,2017_6,18.796,8.923611111,18.77718519,0.018814815,0.018814815,0.018814815,18.796,21.92908875,-3.133088753,57.41041906,8.740425802,-8.21565E-15,13.18866295,142.7777778,0.1259824,-1.129653167
4/22/2017,2017,7,2017_7,0,12.34375,0,0,0,0,0,27.95185531,-27.95185531,58.54596922,7.131475019,0,20.82038029,197.5,0.1346735,-1.11830214
5/8/2017,2017,8,2017_8,7.112,13.73263889,7.104944444,0.007055556,0.007055556,0.007055556,7.112,31.93665458,-24.82465458,54.26694481,11.00497294,-1.9984E-15,20.93168164,219.7222222,0.1260971,-1.470359662
5/24/2017,2017,9,2017_9,13.97,14.54861111,13.97,0,0,0,13.97,34.33408331,-20.36408331,53.61918268,12.63786994,-2.66454E-15,21.69621337,232.7777778,0.1246512,-0.515039018
6/9/2017,2017,10,2017_10,6.35,21.33680556,6.35,0,0,0,6.35,49.76005447,-43.41005447,49.3625528,13.26523172,-3.9968E-15,36.49482275,341.3888889,0.1214681,-0.770764307
6/25/2017,2017,11,2017_11,0.508,25.22569444,0.508,0,0,0,0.508,61.29592389,-60.78792389,40.16527597,11.12458908,-2.66454E-15,50.17133481,403.6111111,0.1181025,-0.685618637
7/11/2017,2017,12,2017_12,19.812,26.90972222,19.812,0,0,0,19.812,65.79308283,-45.98108283,31.19582681,14.96850156,-4.44089E-16,50.82458127,430.5555556,0.1211082,-0.61183429
7/27/2017,2017,13,2017_13,22.098,25.59027778,22.098,0,0,0,22.098,60.62296983,-38.52496983,38.30436152,15.98167888,2.22045E-15,44.64129095,409.4444444,0.1208873,-0.081198749
8/12/2017,2017,14,2017_14,5.334,23.97569444,5.334,0,0,0,5.334,54.13452722,-48.80052722,41.00704721,14.13859895,3.10862E-15,39.99592827,383.6111111,0.1226034,-0.037182021
8/28/2017,2017,15,2017_15,3.048,24.30555556,3.048,0,0,0,3.048,52.77974267,-49.73174267,33.31198941,10.29109151,-9.76996E-15,42.48865116,388.8888889,0.1217615,-0.187451402
9/13/2017,2017,16,2017_16,1.778,24.18402778,1.778,0,0,0,1.778,50.3145638,-48.5365638,26.68762329,7.486766186,-2.22045E-15,42.82779761,386.9444444,0.1195075,-0.202282247
9/29/2017,2017,17,2017_17,39.116,13.92361111,39.116,0,0,0,39.116,28.30145179,10.81454821,42.48720751,9.571277608,1.06581E-14,18.73017419,222.7777778,0.1133351,-0.046422444
10/15/2017,2017,18,2017_18,1.778,10.9375,1.389944444,0.388055556,0.388055556,0.388055556,1.778,22.85023555,-21.07223555,51.41343121,6.491758276,1.33227E-15,16.35847727,175,0.1100894,-0.376490177
10/31/2017,2017,19,2017_19,0,12.15277778,0,0,0,0,0,22.83753949,-22.83753949,46.59798037,4.643831896,0,18.1937076,194.4444444,0.1064139,-0.476225092
11/16/2017,2017,20,2017_20,0,8.715277778,0,0,0,0,0,18.09960834,-18.09960834,42.55837182,3.366514592,0,14.73309374,139.4444444,0.1050878,-0.171987089
12/2/2017,2017,21,2017_21,1.778,6.363194444,1.778,0,0,0,1.778,15.11864908,-13.34064908,40.69833596,3.468992602,2.88658E-15,11.64965648,101.8111111,0.105254,-0.670591572
12/18/2017,2017,22,2017_22,0,1.892361111,0,0,0,0,0,11.29735259,-11.29735259,38.41512365,1.889850835,0,9.407501753,34.16666667,0.1075903,-0.768391211
1/1/2018,2017,23,2017_23,0.254,2.264957265,0.188148148,0.065851852,0.065851852,0.065851852,0.254,9.330399979,-9.076399979,36.78824925,1.706492025,2.22045E-15,7.623907955,35.27777778,0.1056979,-0.93595418
1/17/2018,2018,1,2018_1,1.524,1.961805556,0.458611111,1.065388889,0.550333333,1.065388889,1.524,11.44290982,-9.918909819,35.28848199,3.047125623,-1.79023E-15,8.395784196,33.88888889,0.107497,-0.858184955
2/2/2018,2018,2,2018_2,4.42,1.927083333,2.864814815,1.555185185,1.555185185,1.555185185,4.42,12.08687443,-7.666874432,36.33190068,3.182409359,-6.66134E-16,8.904465073,40.55555556,0.112774,-1.277456326
2/18/2018,2018,3,2018_3,4.826,5.746527778,3.106796296,1.719203704,1.719203704,1.719203704,4.826,15.76276026,-10.93676026,35.47517015,4.291537382,-3.10862E-15,11.47122287,92.5,0.1092369,-1.853270499
3/5/2018,2018,4,2018_4,2.018,0.711805556,1.764,0.254,0.254,0.254,2.018,12.61499181,-10.59699181,35.92773758,3.351452556,3.77476E-15,9.263539257,37.77777778,0.1122872,-2.046645944
3/21/2018,2018,5,2018_5,1.016,6.545138889,0.961907407,0.054092593,0.054092593,0.054092593,1.016,18.3989523,-17.3829523,33.61666025,3.563800594,-6.30052E-15,14.83515171,105.2777778,0.1007913,-1.893455046
4/6/2018,2018,6,2018_6,0.254,10.17361111,0.254,0,0,0,0.254,23.79536192,-23.54136192,30.85720378,3.411346754,2.22045E-15,20.38401516,162.7777778,0.1108745,-1.440600044
4/22/2018,2018,7,2018_7,1.27,10.81392361,1.238038333,0.031961667,0.031961667,0.031961667,1.27,25.93766871,-24.66766871,27.71925693,4.249355587,-4.10783E-15,21.68831313,173.0227778,0.1043633,-1.798258504
5/8/2018,2018,8,2018_8,20.828,15.69444444,20.828,0,0,0,20.828,35.31124254,-14.48324254,32.61894688,7.537047523,-2.22045E-15,27.77419502,251.1111111,0.1189376,-1.332504429
5/24/2018,2018,9,2018_9,1.778,18.07291667,1.778,0,0,0,1.778,40.88870283,-39.11070283,36.1354713,7.971561139,5.55112E-15,32.91714169,289.1666667,0.1139622,-1.250054745
6/9/2018,2018,10,2018_10,1.27,21.44097222,1.27,0,0,0,1.27,50.08973346,-48.81973346,30.18612351,7.660212786,-3.10862E-15,42.42952068,343.0555556,0.1079225,-0.655924608
6/25/2018,2018,11,2018_11,0.254,24.58333333,0.254,0,0,0,0.254,58.99078861,-58.73678861,23.71812791,6.344438363,-1.33227E-15,52.64635025,393.3333333,0.1109312,-0.690316434
7/11/2018,2018,12,2018_12,0,27.08333333,0,0,0,0,0,66.21965219,-66.21965219,18.03047441,5.236860724,0,60.98279146,433.3333333,0.1103269,-0.546679852
7/27/2018,2018,13,2018_13,17.526,26.94444444,17.526,0,0,0,17.526,64.50308407,-46.97708407,14.22710007,19.99517865,1.9984E-15,44.50790543,431.1111111,0.1272951,-0.046921646
8/12/2018,2018,14,2018_14,6.096,26.64930556,6.096,0,0,0,6.096,61.59197429,-55.49597429,11.74740258,8.931652946,1.77636E-15,52.66032134,426.3888889,0.1074096,0.044272631
8/28/2018,2018,15,2018_15,17.78,24.46180556,17.78,0,0,0,17.78,53.38345455,-35.60345455,15.32138906,8.100281002,-1.11022E-16,45.28317355,391.3888889,0.1080994,0.033633396
9/13/2018,2018,16,2018_16,1.778,22.86458333,1.778,0,0,0,1.778,46.84138671,-45.06338671,18.13753903,5.349211601,-3.21965E-15,41.4921751,365.8333333,0.1075152,-0.32424323
9/29/2018,2018,17,2018_17,0,21.18055556,0,0,0,0,0,41.00387359,-41.00387359,14.96486181,2.694260025,0,38.30961356,338.8888889,0.1037372,-0.237099626
10/15/2018,2018,18,2018_18,53.594,11.11111111,53.594,0,0,0,53.594,23.53560999,30.05839001,40.60701829,12.67061701,-4.21885E-15,10.86499298,177.7777778,0.0963245,-0.380533774
10/31/2018,2018,19,2018_19,10.922,9.479166667,10.60214815,0.319851852,0.319851852,0.319851852,10.922,19.71749155,-8.795491545,59.24006403,8.008225207,-8.88178E-16,11.70926634,151.6666667,0.1050457,-0.54196553
11/16/2018,2018,20,2018_20,0,4.809027778,0,0,0,0,0,14.63201712,-14.63201712,55.54848516,3.552874892,0,11.07914223,77.77777778,0.102713,-0.676436666
12/2/2018,2018,21,2018_21,6.858,2.326388889,2.963333333,3.894666667,3.118555556,0.776111111,3.739444444,11.94012797,-8.200683523,52.97015168,4.5036715,3.88578E-15,7.436456468,41.38888889,,-0.488885356
12/18/2018,2018,22,2018_22,0,-0.989583333,0,0,3.118555556,3.118555556,3.118555556,9.534444052,-6.415888496,54.00483164,2.744561058,2.10942E-15,6.789882994,10,0.0901183,-0.703167119
1/1/2019,2018,23,2018_23,6.604,-2.5,0,6.604,6.604,0,0,7.194767106,-7.194767106,52.683825,1.653808709,0,5.540958398,10.83333333,0.1004395,-1.127586113
1/17/2019,2019,1,2019_1,8.382,-2.34375,1.411111111,6.970888889,6.604,9.906,11.31711111,9.012874399,2.304236712,55.05956659,3.251342804,-3.33067E-16,5.761531595,6.388888889,,-0.673894763
2/2/2019,2019,2,2019_2,0,0.729166667,0,0,0,3.668888889,3.668888889,11.04507675,-7.376187857,61.61133244,3.549620587,1.77636E-15,7.495456159,20.27777778,0.0869584,-1.014805194
2/18/2019,2019,3,2019_3,9.398,-0.572916667,2.246018519,7.151981481,6.83212963,7.151981481,9.398,10.84999138,-1.451991377,65.99671427,4.62257671,3.66374E-15,6.227414668,18.05555556,,-1.123530821
3/5/2019,2019,4,2019_4,16.764,0.034722222,6.138333333,10.62566667,10.16,10.62566667,16.764,12.34748233,4.416517674,68.64036259,5.850453146,-3.66374E-15,6.49702918,41.94444444,0.1107319,-1.487607529
3/21/2019,2019,5,2019_5,20.32,5.069444444,12.98222222,7.337777778,4.967111111,2.370666667,15.35288889,16.77533193,-1.422443046,74.58175231,6.65787761,8.99281E-15,10.11745432,81.11111111,0.1118711,-2.031867444
4/6/2019,2019,6,2019_6,0,8.888888889,0,0,0,4.967111111,4.967111111,21.98487595,-17.01776484,84.8586703,8.723836857,5.32907E-15,13.26103909,142.2222222,0.1240705,-1.683906303
4/22/2019,2019,7,2019_7,2.286,12.10069444,2.286,0,0,0,2.286,27.80462397,-25.51862397,76.39815856,10.6171507,-1.15463E-14,17.18747326,193.6111111,0.1292131,-1.27576638
5/8/2019,2019,8,2019_8,11.43,14.40972222,11.43,0,0,0,11.43,32.65858595,-21.22858595,68.90784845,14.94106809,-1.62093E-14,17.71751786,230.5555556,,-1.180292087
5/24/2019,2019,9,2019_9,16.764,11.99652778,16.764,0,0,0,16.764,30.15345462,-13.38945462,67.16890695,15.81431795,-1.32117E-14,14.33913668,191.9444444,0.140567,-0.986418497
6/9/2019,2019,10,2019_10,22.352,16.31944444,22.352,0,0,0,22.352,38.8291604,-16.4771604,79.94575339,16.39894123,-3.10862E-15,22.43021918,261.1111111,0.1327055,-0.774587559
6/25/2019,2019,11,2019_11,4.318,21.09375,4.318,0,0,0,4.318,49.52247542,-45.20447542,68.43323947,17.86435496,-2.62013E-14,31.65812046,337.5,0.1326357,-0.297851523
7/11/2019,2019,12,2019_12,10.414,24.40972222,10.414,0,0,0,10.414,58.01968772,-47.60568772,59.32433307,18.22010217,-1.33227E-15,39.79958555,390.5555556,0.1335021,-0.591496974
7/27/2019,2019,13,2019_13,12.192,26.04166667,12.192,0,0,0,12.192,61.90409451,-49.71209451,49.20768628,22.06442695,4.21885E-15,39.83966756,416.6666667,0.1264388,-0.408431119
8/12/2019,2019,14,2019_14,16.256,24.94791667,16.256,0,0,0,16.256,56.73818295,-40.48218295,44.97713543,16.96690098,8.43769E-15,39.77128197,399.1666667,0.1281142,-0.072453436
8/28/2019,2019,15,2019_15,0,26.70138889,0,0,0,0,0,59.34904546,-59.34904546,38.39970521,10.0032486,0,49.34579685,427.2222222,0.1255162,-0.177080659
9/13/2019,2019,16,2019_16,0,23.83680556,0,0,0,0,0,50.02517075,-50.02517075,29.98837528,6.642096452,0,43.3830743,381.3888889,0.1222166,-0.273233046
9/29/2019,2019,17,2019_17,0.508,18.61111111,0.508,0,0,0,0.508,36.00758375,-35.49958375,25.11625114,4.417936083,8.88178E-16,31.58964766,297.7777778,0.1224096,0.695460707
10/15/2019,2019,18,2019_18,0,11.49305556,0,0,0,0,0,23.56214931,-23.56214931,22.13822376,2.281176675,0,21.28097263,183.8888889,0.1223597,1.795940151
10/31/2019,2019,19,2019_19,0,6.753472222,0,0,0,0,0,17.75475082,-17.75475082,20.1698036,1.570972151,0,16.18377867,118.3333333,0.1174795,-0.098303761
11/16/2019,2019,20,2019_20,0,7.96875,0,0,0,0,0,17.34013965,-17.34013965,18.83239759,1.42156848,0,15.91857117,127.5,0.1150615,0.308346241
12/2/2019,2019,21,2019_21,58.42,2.534722222,48.21766667,10.20233333,9.821333333,3.714333333,51.932,12.25996764,39.67203236,50.59348693,5.421396585,-9.27036E-15,6.838571052,50.83333333,0.109761,-0.626028398
12/18/2019,2019,22,2019_22,4.064,0.833333333,1.10537037,2.95862963,6.488,9.44662963,10.552,10.70036909,-0.148369092,71.31421861,4.534624748,-9.99201E-15,6.165744343,30.27777778,0.1106877,-0.765310883
1/1/2020,2019,23,2019_23,10.668,-2.614871795,0,10.668,10.668,0,0,6.976288264,-6.976288264,69.46430825,2.111711764,0,4.8645765,0.277777778,,-0.926155449
1/17/2020,2020,1,2020_1,2.032,-4.913194444,0,2.032,12.7,2.222222222,2.222222222,7.618324927,-5.396102705,67.7705898,2.712069134,6.32827E-15,4.906255793,0.555555556,,-0.956696524
2/2/2020,2020,2,2020_2,5.08,-0.555555556,0,5.08,10.47777778,15.55777778,15.55777778,10.20789712,5.349880658,73.30383339,4.571314172,-5.10703E-15,5.636582949,6.111111111,0.0900524,-1.742076804
2/18/2020,2020,3,2020_3,0,2.34375,0,0,0,0,0,13.07403849,-13.07403849,76.90591913,4.369088241,0,8.704950247,52.5,0.106515,-1.359281884
3/5/2020,2020,4,2020_4,17.018,2.725694444,8.666574074,8.351425926,8.351425926,8.351425926,17.018,13.94008645,3.077913552,83.71090048,6.234388309,5.88418E-15,7.705698139,48.05555556,0.1003797,-1.805915193
3/21/2020,2020,5,2020_5,18.288,7.8125,17.89288889,0.395111111,0.395111111,0.395111111,18.288,19.49073574,-1.202735739,90.28468877,10.14754985,-2.9976E-15,9.343185885,125,0.120932,-1.484547062
4/6/2020,2020,6,2020_6,0,7.256944444,0,0,0,0,0,20.09279536,-20.09279536,89.61157006,7.831721801,0,12.26107355,116.1111111,0.1246477,-0.276405605
4/22/2020,2020,7,2020_7,5.842,9.618055556,5.842,0,0,0,5.842,24.0378052,-18.1958052,81.81516007,11.93081577,-2.13163E-14,12.10698943,153.8888889,0.1267893,-0.341593271
5/8/2020,2020,8,2020_8,0,17.25694444,0,0,0,0,0,37.82940253,-37.82940253,73.29578813,12.08760856,0,25.74179397,276.1111111,0.1346433,-1.342746217
5/24/2020,2020,9,2020_9,0,16.59722222,0,0,0,0,0,37.77653663,-37.77653663,61.95029133,10.24119691,0,27.53533972,265.5555556,0.1352242,-1.409841397
6/9/2020,2020,10,2020_10,4.572,21.16319444,4.572,0,0,0,4.572,50.03686028,-45.46486028,51.57475774,14.8624295,-4.44089E-15,35.17443078,338.6111111,0.1245436,0.929088934
6/25/2020,2020,11,2020_11,0.254,22.44208333,0.254,0,0,0,0.254,53.50716961,-53.25316961,42.04921708,9.985154961,2.22045E-15,43.52201465,359.0733333,0.1220092,-0.423510405
7/11/2020,2020,12,2020_12,1.27,24.46180556,1.27,0,0,0,1.27,58.77157052,-57.50157052,32.92397469,9.532164556,-3.10862E-15,49.23940597,391.3888889,0.1278357,-0.260219358
7/27/2020,2020,13,2020_13,42.672,25.3125,42.672,0,0,0,42.672,60.34571732,-17.67371732,33.39986658,15.80183108,-8.43769E-15,44.54388624,405,0.1220682,-0.280953847
8/12/2020,2020,14,2020_14,8.382,26.51041667,8.382,0,0,0,8.382,61.36009032,-52.97809032,53.88967718,16.87446727,-1.77636E-15,44.48562305,424.1666667,0.125177,-0.361281966
8/28/2020,2020,15,2020_15,0,27.95138889,0,0,0,0,0,63.03110427,-63.03110427,41.15501897,11.37789894,0,51.65320533,447.2222222,0.1187037,-0.085008109
9/13/2020,2020,16,2020_16,0,20.9478125,0,0,0,0,0,44.4443956,-44.4443956,32.24194947,6.341206133,0,38.10318947,335.165,0.1182544,-0.227578074
9/29/2020,2020,17,2020_17,2.286,20.98958333,2.286,0,0,0,2.286,40.73086239,-38.44486239,27.15428579,6.844407353,-2.22045E-15,33.88645504,335.8333333,0.1141959,-0.38297608
10/15/2020,2020,18,2020_18,0,18.26388889,0,0,0,0,0,33.41935751,-33.41935751,23.29761153,3.406498248,0,30.01285927,292.2222222,0.1168412,-0.370321657
10/31/2020,2020,19,2020_19,0,11.63194444,0,0,0,0,0,23.16234975,-23.16234975,20.52005645,2.086769031,0,21.07558072,188.0555556,0.1151229,0.257352293
11/16/2020,2020,20,2020_20,3.81,6.927083333,3.638314815,0.171685185,0.171685185,0.171685185,3.81,16.85608966,-13.04608966,19.63512444,3.826812353,-4.66294E-15,13.0292773,111.1111111,0.112066,-0.368555874
12/2/2020,2020,21,2020_21,0,4.270833333,0,0,0,0,0,13.51344234,-13.51344234,19.01857486,1.122896046,0,12.3905463,68.33333333,0.1137674,-0.456838499
12/18/2020,2020,22,2020_22,0,-0.416666667,0,0,0,0,0,9.934229538,-9.934229538,18.10951127,0.784407367,0,9.149822171,21.11111111,0.110754,-0.607899318
1/1/2021,2020,23,2020_23,7.366,-2.329059829,0,7.366,7.366,0,0,7.102929254,-7.102929254,17.46548208,0.540434875,0,6.562494379,3.333333333,0.0941176,-0.503143165
1/17/2021,2021,1,2021_1,0,-1.006944444,0,0,7.366,7.366,7.366,9.733771859,-2.367771859,19.50732352,2.191839175,-1.33227E-15,7.541932685,16.94444444,0.0976436,-0.379416806
2/2/2021,2021,2,2021_2,16.51,-0.642361111,0,16.51,12.06555556,4.444444444,4.444444444,10.30173194,-5.857287497,24.20647847,1.697163399,-1.22125E-15,8.604568543,13.88888889,0.1041617,-1.331979022
2/18/2021,2021,3,2021_3,2.54,3.897569444,0.448027778,2.091972222,4.287777778,14.15752778,14.60555556,14.07596153,0.529594023,34.93828625,4.74215526,9.99201E-16,9.333806272,64.02777778,0.1073111,-1.687184984
3/5/2021,2021,4,2021_4,0.254,2.899305556,0.254,0,0,0,0.254,14.04125018,-13.78725018,33.97250806,2.291335743,2.22045E-15,11.74991443,50,0.1050738,-0.630873157
3/21/2021,2021,5,2021_5,41.402,6.09375,4.868333333,36.53366667,36.195,36.53366667,41.402,18.04280119,23.35919881,49.79244665,7.237952103,-2.10942E-15,10.80484908,100.2777778,0.1077874,-0.316252889
4/6/2021,2021,6,2021_6,0,9.097222222,0,0,0,0,0,22.77431806,-22.77431806,64.10960286,6.329816942,0,16.44450112,145.5555556,0.1041903,-1.34506577
4/22/2021,2021,7,2021_7,0.508,10.36458333,0.465666667,0.042333333,0.042333333,0.042333333,0.508,25.0409995,-24.5329995,57.36239128,6.660635157,4.38538E-15,18.38036434,165.8333333,0.1122551,-0.973870748
5/8/2021,2021,8,2021_8,15.24,15.34722222,15.24,0,0,0,15.24,34.53765914,-19.29765914,59.43923249,12.01473767,-3.9968E-15,22.52292146,245.5555556,0.1193411,-1.094311333
5/24/2021,2021,9,2021_9,0,15.97222222,0,0,0,0,0,36.88746056,-36.88746056,53.22710066,8.57746403,0,28.30999653,255.5555556,,
