Date,Max W Temp (C),Min W Temp (C),Avg W Temp (C)
1/1/2015,5.205,1.67,2.857875
1/2/2015,4.74,0.605,2.281444444
1/3/2015,5.514,1.235,2.927888889
1/4/2015,6.255,2.128,3.799034722
1/5/2015,7.594,3.433,5.079173611
1/6/2015,8.693,4.272,5.954229167
1/7/2015,9.312,4.973,6.620013889
1/8/2015,9.015,4.792,6.486152778
1/9/2015,9.064,4.714,6.471083333
1/10/2015,7.544,4.895,6.217069444
1/11/2015,9.435,6.965,7.896368056
1/12/2015,8.693,7.343,7.965409722
1/13/2015,8.22,5.719,6.9653125
1/14/2015,8.568,4.376,6.032958333
1/15/2015,8.295,3.958,5.679402778
1/16/2015,7.444,3.696,5.223625
1/17/2015,8.394,4.298,5.903722222
1/18/2015,9.485,4.688,6.561173611
1/19/2015,8.369,5.024,6.530993056
1/20/2015,7.645,4.584,6.097666667
1/21/2015,8.965,5.514,6.841902778
1/22/2015,7.444,2.956,4.801576389
1/23/2015,7.268,3.354,4.877798611
1/24/2015,8.568,3.985,5.712
1/25/2015,9.509,4.506,6.430173611
1/26/2015,9.361,5.024,6.830083333
1/27/2015,10.296,6.813,8.158368056
1/28/2015,10.614,6.408,8.1756875
1/29/2015,10.124,7.242,8.527520833
1/30/2015,9.139,7.995,8.641416667
1/31/2015,10.736,7.77,8.801888889
2/1/2015,10.198,5.565,7.584027778
2/2/2015,10.638,5.308,7.523708333
2/3/2015,10.149,6,7.806173611
2/4/2015,11.102,6.051,8.171395833
2/5/2015,11.443,6.026,8.277770833
2/6/2015,10.761,5.437,7.766111111
2/7/2015,11.734,5.693,8.354472222
2/8/2015,13.209,7.393,9.563118056
2/9/2015,12.871,7.041,9.506034722
2/10/2015,12.171,6.636,8.899083333
2/11/2015,11.662,5.668,8.107791667
2/12/2015,11.589,5.128,7.926888889
2/13/2015,12.098,5.616,8.362756944
2/14/2015,12.364,5.642,8.493256944
2/15/2015,12.316,5.924,8.539965278
2/16/2015,11.005,4.844,7.544347222
2/17/2015,10.32,4.35,6.953236111
2/18/2015,11.175,4.454,7.240805556
2/19/2015,10.98,5.231,7.768527778
2/20/2015,11.929,5.565,8.251909722
2/21/2015,9.386,5.796,7.654166667
2/22/2015,8.618,7.544,7.982083333
2/23/2015,8.469,6.408,7.3089375
2/24/2015,10.956,4.869,7.331097222
2/25/2015,11.759,4.921,7.695472222
2/26/2015,11.394,5.488,7.963430556
2/27/2015,10.834,6.23,8.02975
2/28/2015,9.435,6.712,7.607479167
3/1/2015,8.891,6.433,7.503159722
3/2/2015,8.045,4.844,5.968493056
3/3/2015,7.066,3.801,5.274423611
3/4/2015,10.418,3.036,5.895888889
3/5/2015,10.565,2.503,5.935138889
3/6/2015,11.589,3.406,6.902916667
3/7/2015,12.364,4.402,7.747555556
3/8/2015,12.847,4.895,8.223993056
3/9/2015,12.896,5.308,8.528972222
3/10/2015,13.257,4.999,8.534180556
3/11/2015,11.467,6.306,8.651013889
3/12/2015,12.292,8.27,9.899979167
3/13/2015,14.96,7.242,10.37903472
3/14/2015,15.031,7.293,10.54825694
3/15/2015,15.223,7.494,10.82107639
3/16/2015,15.031,7.72,10.93084722
3/17/2015,14.96,7.895,10.9925625
3/18/2015,12.992,9.015,10.89663889
3/19/2015,15.724,8.469,11.38172917
3/20/2015,15.414,6.914,10.5894375
3/21/2015,15.151,6.965,10.445375
3/22/2015,13.834,7.469,10.27914583
3/23/2015,15.103,8.394,11.19343056
3/24/2015,15.652,8.02,11.26919444
3/25/2015,16.129,8.941,11.80508333
3/26/2015,16.296,7.569,11.30200694
3/27/2015,17.153,8.17,12.04104167
3/28/2015,17.296,8.494,12.34740972
3/29/2015,17.201,8.941,12.48322917
3/30/2015,17.891,8.891,12.79295833
3/31/2015,16.106,8.99,12.24909722
4/1/2015,16.439,9.287,12.45556944
4/2/2015,15.843,8.941,11.8173125
4/3/2015,15.294,6.433,10.32561806
4/4/2015,15.629,5.77,10.19478472
4/5/2015,14.912,6.535,10.50253472
4/6/2015,15.461,7.745,11.160125
4/7/2015,15.557,8.17,11.24123611
4/8/2015,12.582,7.619,9.822875
4/9/2015,15.939,6.433,10.5159375
4/10/2015,16.249,7.015,11.36836111
4/11/2015,16.844,7.594,11.98726389
4/12/2015,17.391,7.92,12.29258333
4/13/2015,18.438,8.419,12.98466667
4/14/2015,17.034,9.139,12.62276389
4/15/2015,13.738,6.535,9.789229167
4/16/2015,14.194,6.306,9.679895833
4/17/2015,16.034,7.494,11.14130556
4/18/2015,18.176,8.792,12.81103472
4/19/2015,18.818,9.064,13.42220833
4/20/2015,18.58,9.238,13.57385417
4/21/2015,17.701,9.089,13.27154167
4/22/2015,18.414,11.102,14.15984722
4/23/2015,17.082,9.78,13.15525694
4/24/2015,14.721,9.682,12.4731875
4/25/2015,13.209,9.632,11.75656944
4/26/2015,17.463,9.632,12.46954861
4/27/2015,18.961,8.891,13.18425
4/28/2015,20.317,10.614,14.86242361
4/29/2015,20.698,10.98,15.28952778
4/30/2015,20.341,11.394,15.48188889
5/1/2015,19.294,11.734,15.42529861
5/2/2015,19.08,11.589,15.26326389
5/3/2015,20.531,12.171,15.94218056
5/4/2015,19.627,14.002,16.40858333
5/5/2015,19.008,14.026,15.88559722
5/6/2015,19.603,13.425,15.86145833
5/7/2015,17.344,12.654,14.69871528
5/8/2015,14.673,11.71,12.8753125
5/9/2015,12.364,10.001,11.07879861
5/10/2015,19.294,9.435,13.54402083
5/11/2015,19.246,9.879,14.10792361
5/12/2015,18.533,11.127,14.55761806
5/13/2015,19.603,11.929,15.35278472
5/14/2015,15.891,12.992,14.29126389
5/15/2015,15.055,11.321,12.95179861
5/16/2015,14.361,10.051,12.08988889
5/17/2015,18.866,9.903,13.85013889
5/18/2015,15.724,11.783,13.56834722
5/19/2015,18.913,10.222,14.16696528
5/20/2015,17.724,10.638,13.98070833
5/21/2015,17.106,10.541,13.57772222
5/22/2015,15.175,11.102,13.29310417
5/23/2015,14.721,11.637,12.90008333
5/24/2015,17.249,11.662,13.97068056
5/25/2015,21.366,12.316,15.92960417
5/26/2015,21.032,13.137,16.67429861
5/27/2015,22.537,12.944,17.17519444
5/28/2015,22.034,13.185,17.25979861
5/29/2015,23.713,14.816,18.54973611
5/30/2015,22.896,14.146,18.42695833
5/31/2015,24.605,13.954,18.92069444
6/1/2015,23.545,14.194,18.51845833
6/2/2015,23.593,13.522,18.26350694
6/3/2015,22.92,12.751,17.770875
6/4/2015,21.628,12.799,17.18872917
6/5/2015,20.103,13.834,16.68574306
6/6/2015,22.345,14.122,17.47928472
6/7/2015,22.657,14.146,17.77956944
6/8/2015,24.46,13.57,18.49745833
6/9/2015,19.865,14.337,17.31641667
6/10/2015,23.304,16.463,19.29325694
6/11/2015,24.098,16.915,20.23031944
6/12/2015,24.05,16.082,19.80611806
6/13/2015,24.436,16.129,20.1873125
6/14/2015,25.428,15.867,20.31591667
6/15/2015,24.291,16.225,20.29020139
6/16/2015,25.21,16.082,20.37522917
6/17/2015,24.895,14.026,19.41360417
6/18/2015,25.55,14.218,19.74675694
6/19/2015,25.258,14.122,19.65499306
6/20/2015,25.841,14.433,20.04852083
6/21/2015,24.629,15.008,19.81283333
6/22/2015,25.793,15.247,20.41131944
6/23/2015,25.525,15.652,20.67552778
6/24/2015,25.647,15.7,20.77995833
6/25/2015,26.036,15.819,20.965375
6/26/2015,26.769,16.463,21.68424306
6/27/2015,26.818,18.105,22.49591667
6/28/2015,27.481,18.2,22.79738194
6/29/2015,27.677,18.818,23.43793056
6/30/2015,26.256,19.817,23.38638194
7/1/2015,28.345,19.436,23.58549306
7/2/2015,27.85,21.342,24.16491667
7/3/2015,24.726,19.127,22.12522222
7/4/2015,22.896,19.865,21.36741667
7/5/2015,24.726,18.176,21.29274306
7/6/2015,22.13,18.866,20.31121528
7/7/2015,24.702,17.915,20.58720139
7/8/2015,22.441,17.225,19.74726389
7/9/2015,24.339,16.249,19.91726389
7/10/2015,23.448,16.415,19.76647222
7/11/2015,22.8,15.247,19.04365278
7/12/2015,25.089,14.625,19.6350625
7/13/2015,25.695,15.103,20.34095833
7/14/2015,24.267,16.32,20.43546528
7/15/2015,25.671,17.391,21.32866667
7/16/2015,25.162,15.843,20.69549306
7/17/2015,25.137,16.415,20.87217361
7/18/2015,22.13,18.2,19.93745833
7/19/2015,25.307,17.32,20.41438194
7/20/2015,22.011,18.271,19.7965625
7/21/2015,25.428,17.415,20.78401389
7/22/2015,24.774,16.749,20.56570139
7/23/2015,25.428,16.01,20.47497917
7/24/2015,25.21,15.652,20.38215972
7/25/2015,25.695,15.223,20.31348611
7/26/2015,25.016,14.816,19.91960417
7/27/2015,24.412,15.485,20.05334028
7/28/2015,24.219,15.055,19.81711806
7/29/2015,24.847,15.629,20.33961111
7/30/2015,24.798,16.963,21.22827778
7/31/2015,23.376,18.343,21.173375
8/1/2015,24.05,18.842,21.40720139
8/2/2015,24.702,19.389,21.71943056
8/3/2015,25.744,17.51,21.659625
8/4/2015,25.258,16.677,21.09934028
8/5/2015,23.256,15.939,19.99158333
8/6/2015,23.16,15.485,19.54838194
8/7/2015,21.27,18.485,19.51901389
8/8/2015,23.376,17.748,19.96013889
8/9/2015,24.146,16.106,19.82109028
8/10/2015,25.162,16.939,21.02814583
8/11/2015,22.513,18.224,19.69410417
8/12/2015,25.428,18.057,20.94745833
8/13/2015,25.963,17.629,21.51396528
8/14/2015,24.629,18.105,21.28909028
8/15/2015,25.72,17.915,21.57313889
8/16/2015,25.55,17.391,21.41952778
8/17/2015,25.404,17.368,21.30853472
8/18/2015,24.944,16.796,20.89913889
8/19/2015,23.641,15.533,19.75871528
8/20/2015,24.098,15.748,19.91899306
8/21/2015,24.412,16.415,20.47551389
8/22/2015,25.331,17.891,21.50349306
8/23/2015,25.501,17.201,21.26275694
8/24/2015,25.38,16.511,20.91411111
8/25/2015,22.585,17.13,20.10242361
8/26/2015,23.785,18.889,20.61645139
8/27/2015,24.363,17.891,20.65061806
8/28/2015,24.315,16.701,20.51802778
8/29/2015,24.532,16.677,20.62378472
8/30/2015,22.441,17.534,20.26016667
8/31/2015,23.617,17.439,20.29163194
9/1/2015,24.677,17.748,20.90851389
9/2/2015,22.92,16.796,19.89638194
9/3/2015,23.28,16.677,19.73330556
9/4/2015,21.366,16.249,18.82782639
9/5/2015,21.366,16.415,18.53314583
9/6/2015,22.92,15.294,18.74716667
9/7/2015,24.532,17.748,20.59604861
9/8/2015,23.256,15.7,19.46778472
9/9/2015,22.8,15.318,19.05806944
9/10/2015,22.321,14.481,18.43614583
9/11/2015,22.513,13.762,18.11447917
9/12/2015,21.819,14.002,17.98663889
9/13/2015,21.223,14.553,17.92665278
9/14/2015,20.889,5.102,16.66325694
9/15/2015,17.51,14.768,16.46777778
9/16/2015,19.793,16.32,17.35914583
9/17/2015,21.485,14.242,17.14735417
9/18/2015,21.056,12.823,16.47454861
9/19/2015,20.865,12.509,16.276375
9/20/2015,21.223,12.509,16.37819444
9/21/2015,20.317,12.606,16.21621528
9/22/2015,21.413,13.473,16.98222917
9/23/2015,22.705,14.96,18.33877778
9/24/2015,21.891,14.218,17.66136111
9/25/2015,21.676,13.233,16.98322222
9/26/2015,20.317,13.738,16.77638889
9/27/2015,21.39,13.57,17.09331944
9/28/2015,21.795,14.625,17.87525
9/29/2015,21.795,14.673,17.90901389
9/30/2015,21.103,14.697,17.59433333
10/1/2015,20.269,14.194,16.97357639
10/2/2015,19.77,14.266,16.60375
10/3/2015,19.032,12.582,15.33182639
10/4/2015,18.152,12.871,15.29516667
10/5/2015,18.271,14.337,15.82738194
10/6/2015,15.199,13.112,14.07826389
10/7/2015,18.794,11.71,14.64452083
10/8/2015,19.722,12.678,15.60534722
10/9/2015,20.031,13.088,16.06163889
10/10/2015,20.269,13.04,16.14748611
10/11/2015,20.031,13.353,16.18890972
10/12/2015,19.294,12.025,15.23340972
10/13/2015,18.509,11.005,14.3399375
10/14/2015,18.961,11.953,14.91942361
10/15/2015,18.485,11.807,14.69272222
10/16/2015,17.32,12.025,14.59080556
10/17/2015,18.152,14.816,16.18295139
10/18/2015,16.963,9.731,14.66876389
10/19/2015,14.625,10.516,12.55986806
10/20/2015,15.27,12.098,13.30346528
10/21/2015,15.652,11.953,13.18209722
10/22/2015,16.392,12.05,13.63104861
10/23/2015,16.463,10.638,12.95786111
10/24/2015,16.082,9.534,12.2251875
10/25/2015,14.888,10.051,12.28050694
10/26/2015,16.582,11.589,13.513875
10/27/2015,14.601,9.756,11.92930556
10/28/2015,14.242,9.386,11.63620833
10/29/2015,13.642,11.832,12.50919444
10/30/2015,14.122,9.657,11.45579861
10/31/2015,14.864,9.139,11.33363194
11/1/2015,14.96,9.188,11.4815625
11/2/2015,14.266,8.891,11.10336111
11/3/2015,12.606,10.394,11.22550694
11/4/2015,11.346,8.593,9.396451389
11/5/2015,10.443,6.94,8.438326389
11/6/2015,11.175,5.719,7.8038125
11/7/2015,10.81,5.36,7.4915625
11/8/2015,11.516,5.77,7.896798611
11/9/2015,11.175,6.788,8.397708333
11/10/2015,9.064,6.788,8.224
11/11/2015,10.051,5.437,7.003784722
11/12/2015,9.78,4.454,6.505375
11/13/2015,9.682,4.818,6.693395833
11/14/2015,8.27,6.357,7.084819444
11/15/2015,7.895,6.889,7.4074375
11/16/2015,7.895,7.293,7.618597222
11/17/2015,7.293,5.847,6.567638889
11/18/2015,7.77,6.535,7.055229167
11/19/2015,8.22,6.839,7.468395833
11/20/2015,8.693,7.469,7.982111111
11/21/2015,8.469,6.331,7.441708333
11/22/2015,7.494,5.282,6.487923611
11/23/2015,7.268,5.642,6.491368056
11/24/2015,7.544,6.23,6.877006944
11/25/2015,7.318,6.737,7.014402778
11/26/2015,7.192,5.949,6.452208333
11/27/2015,6.712,5.514,6.067986111
11/28/2015,6.077,4.688,5.370805556
11/29/2015,5.308,3.854,4.575715278
11/30/2015,5.282,3.301,4.108298611
12/1/2015,5.668,3.433,4.420048611
12/2/2015,6.026,3.433,4.639055556
12/3/2015,6.331,3.775,5.011638889
12/4/2015,6.788,4.063,5.2943125
12/5/2015,6.737,3.906,5.217631944
12/6/2015,7.645,4.168,5.53825
12/7/2015,6.712,4.115,5.284256944
12/8/2015,7.393,5.154,6.050631944
12/9/2015,7.795,5.821,6.652131944
12/10/2015,7.72,5.642,6.565520833
12/11/2015,7.995,6.051,6.777729167
12/12/2015,7.091,4.61,5.650715278
12/13/2015,6.23,3.168,4.592222222
12/14/2015,5.642,2.983,4.642708333
12/15/2015,5.821,3.406,4.217194444
12/16/2015,4.454,1.317,2.899965278
12/17/2015,4.766,1.561,2.982319444
12/18/2015,5.975,2.316,3.765951389
12/19/2015,6.585,3.274,4.500944444
12/20/2015,5.488,4.246,4.845041667
12/21/2015,6.56,5.024,5.6909375
12/22/2015,6.051,5.745,5.865840278
12/23/2015,6.94,4.636,6.168715278
12/24/2015,5.437,2.823,4.071347222
12/25/2015,4.61,2.77,3.945291667
12/26/2015,4.011,0.907,2.200444444
12/27/2015,3.985,0.135,1.686583333
12/28/2015,5.257,1.425,2.866125
12/29/2015,4.766,1.317,2.651618056
12/30/2015,4.61,1.099,2.688125
12/31/2015,4.921,1.643,2.915097222
1/1/2016,4.688,0.687,2.3363125
1/2/2016,6.585,2.664,4.2640625
1/3/2016,6.153,3.485,4.7013125
1/4/2016,5.847,4.947,5.316256944
1/5/2016,7.268,5.231,5.5608125
1/6/2016,6.153,4.714,5.342854167
1/7/2016,5.437,2.262,3.796430556
1/8/2016,5.411,3.142,4.134555556
1/9/2016,5.205,1.262,3.112479167
1/10/2016,6.382,2.744,4.097458333
1/11/2016,4.792,0.687,2.744361111
1/12/2016,5.437,1.235,2.919444444
1/13/2016,5.179,1.153,3.024034722
1/14/2016,5.975,2.182,3.694868056
1/15/2016,6.102,3.301,4.091493056
1/16/2016,6.026,2.343,3.981618056
1/17/2016,6.94,2.69,4.415666667
1/18/2016,6.153,3.221,4.522597222
1/19/2016,6.712,3.696,5.097583333
1/20/2016,8.469,5.024,6.328631944
1/21/2016,6.788,2.477,4.416138889
1/22/2016,7.192,2.93,4.653909722
1/23/2016,6.382,3.512,4.8390625
1/24/2016,8.444,4.869,6.219784722
1/25/2016,7.066,2.637,4.516847222
1/26/2016,6.408,1.697,3.832659722
1/27/2016,6.687,2.047,4.029722222
1/28/2016,7.945,3.459,5.107111111
1/29/2016,7.87,3.801,5.395826389
1/30/2016,8.419,4.636,6.254777778
1/31/2016,7.015,5.514,6.342361111
2/1/2016,5.514,3.036,4.159243056
2/2/2016,5.308,1.425,2.956819444
2/3/2016,4.688,0.66,2.400458333
2/4/2016,6.458,1.724,3.552
2/5/2016,6.94,2.664,4.206555556
2/6/2016,7.293,2.584,4.378770833
2/7/2016,7.92,3.38,5.029173611
2/8/2016,8.22,3.512,5.321798611
2/9/2016,8.394,3.643,5.546888889
2/10/2016,8.519,3.906,5.733013889
2/11/2016,8.866,3.749,5.770465278
2/12/2016,8.941,4.037,6.015180556
2/13/2016,8.643,4.194,6.070548611
2/14/2016,8.643,4.089,6.063013889
2/15/2016,9.632,4.973,6.812215278
2/16/2016,10.026,5.179,7.106548611
2/17/2016,9.632,5.334,7.164034722
2/18/2016,7.995,5.514,6.829368056
2/19/2016,9.706,4.246,6.266152778
2/20/2016,9.731,4.921,6.805854167
2/21/2016,10.051,5.334,7.225166667
2/22/2016,9.632,5.488,7.185145833
2/23/2016,8.941,4.921,6.622125
2/24/2016,9.089,4.324,6.350694444
2/25/2016,9.805,4.636,6.790159722
2/26/2016,10.418,5.257,7.367583333
2/27/2016,10.834,5.821,7.814159722
2/28/2016,10.638,6.128,8.026590278
2/29/2016,12.413,6.509,8.670597222
3/1/2016,11.321,5.975,8.074909722
3/2/2016,12.727,6.23,8.626138889
3/3/2016,11.37,6.204,8.306027778
3/4/2016,13.04,6.458,8.979680556
3/5/2016,11.127,6.585,8.588611111
3/6/2016,10.173,5.591,8.567548611
3/7/2016,8.618,4.584,6.217701389
3/8/2016,10.663,5.616,7.456833333
3/9/2016,11.734,6.026,8.2293125
3/10/2016,13.137,6.535,9.051798611
3/11/2016,10.785,7.293,8.876729167
3/12/2016,9.657,7.845,8.596965278
3/13/2016,12.243,6.712,8.789916667
3/14/2016,12.992,7.995,9.8238125
3/15/2016,12.219,7.142,9.1704375
3/16/2016,12.606,6.433,8.732493056
3/17/2016,13.04,5.949,8.716041667
3/18/2016,13.016,6.712,9.035729167
3/19/2016,12.775,6.687,9.004243056
3/20/2016,13.401,7.343,9.584520833
3/21/2016,11.346,7.845,9.231777778
3/22/2016,9.682,6.839,8.466659722
3/23/2016,11.977,5.514,7.823013889
3/24/2016,11.88,5.77,7.985645833
3/25/2016,12.606,6.509,8.748416667
3/26/2016,12.606,7.015,8.895041667
3/27/2016,12.171,6.179,8.627590278
3/28/2016,8.916,6.864,7.951763889
3/29/2016,7.72,4.895,5.800722222
3/30/2016,9.188,5.154,6.827423611
3/31/2016,12.171,5.36,7.971465278
4/1/2016,12.413,6.458,8.810826389
4/2/2016,12.799,7.091,9.362284722
4/3/2016,14.242,7.695,10.05668056
4/4/2016,12.437,8.17,9.742319444
4/5/2016,14.337,7.695,9.996034722
4/6/2016,13.185,7.217,9.653770833
4/7/2016,12.509,8.045,9.956361111
4/8/2016,10.296,8.891,9.683583333
4/9/2016,9.682,8.245,8.950708333
4/10/2016,11.127,7.745,9.0038125
4/11/2016,13.016,8.369,10.09661111
4/12/2016,13.257,8.494,10.39292361
4/13/2016,12.437,8.841,10.46877083
4/14/2016,13.209,9.04,10.62995139
4/15/2016,10.638,7.066,9.150340278
4/16/2016,12.292,5.847,8.131715278
4/17/2016,14.05,7.494,9.606944444
4/18/2016,14.026,7.77,9.881277778
4/19/2016,14.745,8.145,10.47728472
4/20/2016,15.342,8.965,11.26143056
4/21/2016,14.409,9.139,11.382625
4/22/2016,14.505,8.965,11.38504167
4/23/2016,12.654,9.238,10.78689583
4/24/2016,13.305,8.494,10.34464583
4/25/2016,10.467,6.99,9.328979167
4/26/2016,12.461,6.636,8.713548611
4/27/2016,11.005,8.841,9.76725
4/28/2016,12.025,8.22,9.430798611
4/29/2016,12.437,8.444,9.848854167
4/30/2016,11.346,8.841,9.861854167
5/1/2016,11.759,7.82,9.363215278
5/2/2016,12.558,9.188,10.48593056
5/3/2016,15.247,8.668,11.22173611
5/4/2016,16.249,10.467,12.71078472
5/5/2016,14.649,11.321,12.77901389
5/6/2016,14.481,10.712,12.31579167
5/7/2016,11.467,9.509,10.57405556
5/8/2016,11.637,9.213,10.06042361
5/9/2016,15.629,10.075,12.19139583
5/10/2016,14.026,11.053,12.42148611
5/11/2016,15.461,10.418,12.37997222
5/12/2016,15.819,10.222,12.64389583
5/13/2016,16.796,11.029,13.43716667
5/14/2016,17.13,12.147,14.22889583
5/15/2016,16.892,13.618,14.84717361
5/16/2016,14.17,11.419,12.935125
5/17/2016,13.93,10.565,11.84336111
5/18/2016,13.93,10.736,11.94984722
5/19/2016,16.272,11.419,13.435125
5/20/2016,15.772,12.871,14.06973611
5/21/2016,16.939,12.147,13.85401389
5/22/2016,16.701,10.614,12.92106944
5/23/2016,17.344,10.124,12.93891667
5/24/2016,14.601,10.883,12.32501389
5/25/2016,17.391,10.001,12.96605556
5/26/2016,13.642,11.37,12.56495139
5/27/2016,16.368,10.492,12.905875
5/28/2016,18.58,10.907,14.03200694
5/29/2016,20.436,12.799,15.88234028
5/30/2016,15.151,13.064,14.26325
5/31/2016,20.65,11.516,15.20771528
6/1/2016,21.437,12.92,16.39719444
6/2/2016,21.963,12.485,16.51509722
6/3/2016,22.776,13.329,17.37905556
6/4/2016,23.978,14.385,18.46516667
6/5/2016,24.532,14.912,19.04413889
6/6/2016,23.641,14.457,18.65220833
6/7/2016,23.641,14.074,18.52928472
6/8/2016,24.412,15.843,19.43252778
6/9/2016,24.195,15.915,19.53186806
6/10/2016,23.785,15.103,19.5139375
6/11/2016,21.819,17.415,19.60552083
6/12/2016,24.702,15.867,19.27397222
6/13/2016,23.905,14.745,18.51949306
6/14/2016,22.896,14.098,18.09131944
6/15/2016,22.681,14.768,18.18552083
6/16/2016,,,
6/17/2016,,,
6/18/2016,,,
6/19/2016,,,
6/20/2016,,,
6/21/2016,,,
6/22/2016,,,
6/23/2016,,,
6/24/2016,,,
6/25/2016,,,
6/26/2016,,,
6/27/2016,26.207,18.866,22.71300694
6/28/2016,24.895,19.127,22.28781944
6/29/2016,25.453,18.533,21.77126389
6/30/2016,23.424,18.723,21.23820833
7/1/2016,23.833,18.889,20.92481944
7/2/2016,25.598,17.915,21.24476389
7/3/2016,24.677,17.701,21.20695833
7/4/2016,25.258,16.844,20.89570833
7/5/2016,24.847,16.225,20.49099306
7/6/2016,23.881,15.557,19.82205556
7/7/2016,24.532,15.843,20.12414583
7/8/2016,24.074,15.509,19.92550694
7/9/2016,23.593,15.915,19.85216667
7/10/2016,23.521,15.915,19.67455556
7/11/2016,23.881,15.724,19.83446528
7/12/2016,24.002,14.84,19.56466667
7/13/2016,24.315,14.984,19.79727083
7/14/2016,24.388,15.008,19.89097917
7/15/2016,24.726,15.7,20.38349306
7/16/2016,23.713,15.7,20.08364583
7/17/2016,23.04,16.153,19.92373611
7/18/2016,23.064,18.176,20.52927778
7/19/2016,25.089,18.105,21.37614583
7/20/2016,26.207,18.152,22.20076389
7/21/2016,26.598,18.675,22.89913194
7/22/2016,26.744,18.628,22.83615972
7/23/2016,26.304,18.39,22.54443056
7/24/2016,26.231,17.629,22.10616667
7/25/2016,26.182,18.557,22.63708333
7/26/2016,26.061,19.056,22.87895833
7/27/2016,26.524,18.485,22.6255
7/28/2016,25.04,18.033,21.87590278
7/29/2016,24.605,18.129,21.47725694
7/30/2016,26.207,18.675,22.33077083
7/31/2016,27.014,19.579,23.04027083
8/1/2016,26.989,19.579,22.51844444
8/2/2016,24.968,18.794,21.34042361
8/3/2016,24.532,17.938,20.80359028
8/4/2016,25.331,18.533,21.07536806
8/5/2016,25.016,18.604,21.38316667
8/6/2016,25.939,18.699,21.95634028
8/7/2016,24.171,19.341,21.63444444
8/8/2016,24.823,17.463,20.98390278
8/9/2016,23.785,16.606,20.07078472
8/10/2016,20.77,13.714,18.12836806
8/11/2016,25.55,16.725,20.34090972
8/12/2016,25.38,15.819,20.20638194
8/13/2016,24.847,15.294,19.81190972
8/14/2016,24.75,15.055,19.71213889
8/15/2016,23.881,15.342,19.50892361
8/16/2016,25.21,16.272,20.48649306
8/17/2016,24.46,16.582,20.52818056
8/18/2016,23.256,16.534,19.78515278
8/19/2016,24.291,16.392,19.9328125
8/20/2016,24.146,15.581,19.51693056
8/21/2016,23.112,15.533,19.12746528
8/22/2016,22.824,17.153,19.84075
8/23/2016,23.761,17.272,19.98200694
8/24/2016,23.737,16.01,19.69986111
8/25/2016,21.748,15.366,18.58765972
8/26/2016,22.106,15.414,18.56074306
8/27/2016,19.603,16.511,18.00239583
8/28/2016,24.002,15.27,19.0250625
8/29/2016,23.4,15.079,18.784875
8/30/2016,24.267,15.247,19.33316667
8/31/2016,23.809,15.055,19.23102778
9/1/2016,20.436,16.773,18.55082639
9/2/2016,22.8,16.654,19.35345833
9/3/2016,21.032,16.677,18.91279861
9/4/2016,21.748,16.01,18.51916667
9/5/2016,21.628,13.064,17.05901389
9/6/2016,21.437,12.63,16.77311806
9/7/2016,20.341,12.171,16.2568125
9/8/2016,21.891,13.57,17.51276389
9/9/2016,22.058,14.242,17.93822917
9/10/2016,21.963,13.57,17.60115972
9/11/2016,21.724,14.122,17.71359722
9/12/2016,20.317,13.016,16.65589583
9/13/2016,18.39,14.146,16.22886806
9/14/2016,19.603,13.281,16.01622222
9/15/2016,19.27,11.053,14.93395833
9/16/2016,19.532,11.589,15.29185417
9/17/2016,19.722,11.783,15.54040278
9/18/2016,19.888,11.54,15.44627778
9/19/2016,19.27,11.127,15.25467361
9/20/2016,17.058,13.57,15.29517361
9/21/2016,17.439,15.867,16.51902083
9/22/2016,18.438,14.146,16.75396528
9/23/2016,16.082,12.05,13.84809028
9/24/2016,17.938,11.151,13.96138194
9/25/2016,18.247,11.005,14.19952083
9/26/2016,19.008,11.321,14.76507639
9/27/2016,18.961,11.734,15.06380556
9/28/2016,17.534,12.968,15.1120625
9/29/2016,18.224,14.457,16.16224306
9/30/2016,20.293,14.673,16.94853472
10/1/2016,20.246,14.05,16.76322222
10/2/2016,18.652,14.505,16.34188194
10/3/2016,15.438,10.663,12.61138889
10/4/2016,15.031,8.444,11.5640625
10/5/2016,15.27,8.792,11.7970625
10/6/2016,15.127,8.965,11.81513194
10/7/2016,15.485,8.444,11.65177083
10/8/2016,15.7,9.188,12.23096528
10/9/2016,17.344,10.638,13.63090278
10/10/2016,17.296,11.346,14.05808333
10/11/2016,17.843,12.219,14.73003472
10/12/2016,16.177,10.712,13.38438194
10/13/2016,16.582,10.712,13.49281944
10/14/2016,15.676,10.492,12.96915972
10/15/2016,16.487,10.761,13.40336806
10/16/2016,16.868,12.074,14.0118125
10/17/2016,17.344,11.977,14.08630556
10/18/2016,16.32,11.248,13.6286875
10/19/2016,14.864,10.001,12.31844444
10/20/2016,14.29,8.27,11.13157639
10/21/2016,14.553,7.845,10.91177083
10/22/2016,15.127,9.064,11.7905625
10/23/2016,14.649,9.287,11.83219444
10/24/2016,13.786,10.614,12.26782639
10/25/2016,17.486,13.04,14.36906944
10/26/2016,16.487,10.834,13.34427778
10/27/2016,16.225,12.025,13.94208333
10/28/2016,14.96,12.437,13.77429861
10/29/2016,17.32,13.666,15.12678472
10/30/2016,15.557,13.882,14.65670139
10/31/2016,17.653,13.425,14.92891667
11/1/2016,14.05,11.175,12.54106944
11/2/2016,14.074,9.114,11.27627083
11/3/2016,13.906,8.767,11.10796528
11/4/2016,14.409,10.443,12.23165972
11/5/2016,15.366,11.175,12.86259028
11/6/2016,14.242,9.78,11.71875694
11/7/2016,13.81,8.866,11.00257639
11/8/2016,13.882,9.114,11.01178472
11/9/2016,13.449,8.593,10.59036111
11/10/2016,13.04,8.27,10.21797222
11/11/2016,12.775,8.07,9.943875
11/12/2016,11.2,7.167,9.049354167
11/13/2016,12.098,7.695,9.558104167
11/14/2016,11.88,7.066,9.048208333
11/15/2016,11.759,6.889,8.950395833
11/16/2016,10.858,7.67,9.030847222
11/17/2016,9.509,5.693,7.754451389
11/18/2016,7.845,3.591,5.484111111
11/19/2016,8.891,4.089,6.136881944
11/20/2016,9.928,6.357,7.958895833
11/21/2016,9.015,7.393,8.376083333
11/22/2016,10.516,7.519,8.600048611
11/23/2016,9.731,5.949,7.437694444
11/24/2016,8.519,5.128,6.435673611
11/25/2016,7.945,3.696,5.480944444
11/26/2016,8.319,3.906,5.816993056
11/27/2016,6.965,5.308,6.222520833
11/28/2016,5.847,4.662,5.4403125
11/29/2016,6.94,3.485,4.785458333
11/30/2016,5.745,1.994,3.838381944
12/1/2016,5.821,2.262,4.016208333
12/2/2016,7.268,3.354,4.815020833
12/3/2016,5.872,2.289,3.810506944
12/4/2016,6.484,2.503,4.238138889
12/5/2016,7.015,3.063,4.839
12/6/2016,7.343,3.958,5.284333333
12/7/2016,6.153,3.195,4.424263889
12/8/2016,6.585,2.53,4.295125
12/9/2016,7.795,4.324,5.875986111
12/10/2016,7.77,5.462,6.43
12/11/2016,10.124,7.343,8.230152778
12/12/2016,9.015,6.281,7.375743056
12/13/2016,8.767,5.282,6.9536875
12/14/2016,9.336,6.051,7.4871875
12/15/2016,9.312,6.889,8.035465278
12/16/2016,9.064,5.36,7.455013889
12/17/2016,5.385,2.903,4.340763889
12/18/2016,4.272,1.805,2.878138889
12/19/2016,4.454,1.643,3.070333333
12/20/2016,5.872,2.903,4.160673611
12/21/2016,6.687,4.037,5.116527778
12/22/2016,7.645,6.179,6.807041667
12/23/2016,7.167,5.77,6.527534722
12/24/2016,6.788,2.37,4.992673611
12/25/2016,4.324,0.577,2.347236111
12/26/2016,3.854,1.153,2.7835
12/27/2016,4.35,1.126,2.592409722
12/28/2016,5.872,2.664,3.962451389
12/29/2016,6.331,2.93,4.381569444
12/30/2016,6.255,3.036,4.505597222
12/31/2016,6.611,5.462,5.972430556
1/1/2017,7.795,5.565,6.423756944
1/2/2017,6.889,5.77,6.362618056
1/3/2017,7.745,5.745,6.559916667
1/4/2017,7.293,5.514,6.376486111
1/5/2017,7.142,3.195,5.432368056
1/6/2017,4.454,1.126,2.482958333
1/7/2017,5.282,1.561,3.147944444
1/8/2017,6.965,5.308,6.03275
1/9/2017,6.179,4.168,5.337395833
1/10/2017,6.788,4.324,5.413930556
1/11/2017,6.864,5.539,6.143277778
1/12/2017,6.509,5.565,6.145506944
1/13/2017,7.519,5.128,5.909479167
1/14/2017,8.891,5.616,6.806888889
1/15/2017,8.593,6.509,7.229777778
1/16/2017,7.995,5.334,6.361451389
1/17/2017,7.318,3.801,5.294166667
1/18/2017,7.066,3.063,5.030208333
1/19/2017,5.872,4.063,5.429298611
1/20/2017,5.205,3.749,4.466152778
1/21/2017,5.308,3.406,4.074972222
1/22/2017,4.844,3.722,4.209715278
1/23/2017,4.636,3.564,4.146944444
1/24/2017,6.484,3.643,4.752701389
1/25/2017,4.428,1.099,3.009729167
1/26/2017,4.324,0.522,2.401409722
1/27/2017,4.766,1.099,2.698527778
1/28/2017,5.796,1.534,3.303604167
1/29/2017,6.965,2.155,4.336673611
1/30/2017,7.67,2.877,4.730298611
1/31/2017,7.77,2.744,4.668305556
2/1/2017,7.745,2.61,4.724
2/2/2017,8.12,3.906,5.641375
2/3/2017,8.767,4.194,6.025
2/4/2017,9.805,5.539,6.829381944
2/5/2017,8.394,4.402,6.084777778
2/6/2017,6.636,5.102,5.909444444
2/7/2017,7.192,6.204,6.606319444
2/8/2017,10.516,6.408,7.692173611
2/9/2017,10.418,5.719,7.562673611
2/10/2017,8.195,6.204,7.250104167
2/11/2017,7.895,2.316,5.224861111
2/12/2017,6.839,3.564,5.234006944
2/13/2017,9.089,5.205,6.538027778
2/14/2017,8.742,4.792,6.146097222
2/15/2017,9.213,4.376,6.108861111
2/16/2017,9.336,4.324,6.303277778
2/17/2017,7.041,6.153,6.522159722
2/18/2017,7.343,6.153,6.693479167
2/19/2017,7.066,6.382,6.69975
2/20/2017,7.645,6.636,7.092243056
2/21/2017,10.418,7.419,8.387069444
2/22/2017,11.102,6.965,8.405708333
2/23/2017,6.889,4.272,5.677472222
2/24/2017,7.343,3.089,4.660368056
2/25/2017,7.217,1.561,4.051638889
2/26/2017,8.319,2.477,4.860805556
2/27/2017,5.975,4.74,5.418680556
2/28/2017,8.941,5.539,6.765347222
3/1/2017,9.534,3.089,5.844375
3/2/2017,10.198,2.983,6.223118056
3/3/2017,10.956,3.459,6.745215278
3/4/2017,11.394,4.973,7.6889375
3/5/2017,9.682,6.611,7.682319444
3/6/2017,9.657,4.402,6.514409722
3/7/2017,10.271,2.797,6.098895833
3/8/2017,12.171,4.454,7.770944444
3/9/2017,11.88,5.565,8.2094375
3/10/2017,11.734,6.102,8.430444444
3/11/2017,12.437,6.99,9.102291667
3/12/2017,12.292,6.914,8.809083333
3/13/2017,11.904,6.737,8.430673611
3/14/2017,11.589,6.763,8.299569444
3/15/2017,9.657,6.281,7.670236111
3/16/2017,10.687,6.23,7.922083333
3/17/2017,10.59,6.204,7.981701389
3/18/2017,9.952,6.102,7.843875
3/19/2017,9.262,5.821,7.611993056
3/20/2017,9.608,6.331,7.9289375
3/21/2017,9.238,6.331,7.910902778
3/22/2017,9.238,6.408,7.4675625
3/23/2017,8.095,5.745,6.527416667
3/24/2017,9.485,4.999,6.551493056
3/25/2017,7.645,6.255,6.732777778
3/26/2017,9.558,5.565,7.018381944
3/27/2017,10.834,7.142,8.255736111
3/28/2017,11.686,6.509,8.214756944
3/29/2017,11.71,6.255,8.040326389
3/30/2017,9.287,7.116,7.984451389
3/31/2017,7.895,6.179,6.881881944
4/1/2017,11.686,6.179,8.086208333
4/2/2017,11.443,6.94,8.711618056
4/3/2017,9.756,6,7.608381944
4/4/2017,9.04,4.818,6.295027778
4/5/2017,10.834,5.334,7.338138889
4/6/2017,10.663,6.255,8.220236111
4/7/2017,9.731,7.619,8.716243056
4/8/2017,10.1,7.242,8.326291667
4/9/2017,9.238,5.462,7.204972222
4/10/2017,9.608,5.024,7.04675
4/11/2017,8.593,5.437,7.188159722
4/12/2017,10.761,6.382,8.415736111
4/13/2017,10.59,6.357,8.732868056
4/14/2017,10.32,6.153,8.250090278
4/15/2017,10.001,6.051,8.248166667
4/16/2017,10.173,6.204,8.407458333
4/17/2017,10.516,6.737,8.816791667
4/18/2017,11.662,7.444,9.604104167
4/19/2017,11.394,7.494,9.387666667
4/20/2017,10.834,6.737,8.943479167
4/21/2017,10.614,7.066,8.942493056
4/22/2017,11.005,6.585,8.924805556
4/23/2017,11.321,7.945,9.791430556
4/24/2017,11.321,8.02,9.185444444
4/25/2017,10.369,8.245,9.217256944
4/26/2017,10.614,6.382,8.556729167
4/27/2017,11.686,9.04,10.16204167
4/28/2017,9.903,7.066,8.435680556
4/29/2017,10.761,6.153,7.937944444
4/30/2017,11.734,7.041,9.028527778
5/1/2017,13.281,8.419,10.50953472
5/2/2017,14.05,9.46,11.53763889
5/3/2017,14.17,9.879,11.96144444
5/4/2017,14.649,9.977,12.23063889
5/5/2017,15.461,11.102,13.18190972
5/6/2017,14.002,12.122,13.06781944
5/7/2017,13.161,10.736,11.8286875
5/8/2017,14.96,10.467,12.13581944
5/9/2017,12.34,10.614,11.51783333
5/10/2017,11.102,9.46,10.22527083
5/11/2017,15.366,10.956,12.70595139
5/12/2017,15.366,12.268,13.76645833
5/13/2017,16.082,12.485,13.88345139
5/14/2017,14.721,10.124,12.14075
5/15/2017,13.401,10.565,11.804875
5/16/2017,14.673,9.583,11.48854861
5/17/2017,11.029,9.089,10.60954861
5/18/2017,10.687,7.393,8.6194375
5/19/2017,14.337,7.519,10.14163194
5/20/2017,16.249,10.026,12.33436111
5/21/2017,16.415,11.321,13.30290278
5/22/2017,17.558,12.074,14.2355625
5/23/2017,19.199,12.219,15.01569444
5/24/2017,20.055,12.847,15.70288889
5/25/2017,19.603,13.978,16.07492361
5/26/2017,19.532,13.473,15.88880556
5/27/2017,19.841,12.944,15.67756944
5/28/2017,20.46,12.292,15.78008333
5/29/2017,21.008,12.751,16.24188889
5/30/2017,20.507,13.497,16.47588889
5/31/2017,19.888,13.185,16.38295139
6/1/2017,20.126,14.337,16.8348125
6/2/2017,21.652,13.305,17.01913194
6/3/2017,22.92,13.954,17.89738889
6/4/2017,22.992,14.457,18.33609722
6/5/2017,22.992,14.792,18.58671528
6/6/2017,23.136,14.745,18.6018125
6/7/2017,23.256,15.008,18.81782639
6/8/2017,20.055,14.218,17.28136806
6/9/2017,21.867,14.385,17.70904167
6/10/2017,22.513,14.888,18.17228472
6/11/2017,21.748,15.438,18.22238194
6/12/2017,19.555,13.522,16.45152778
6/13/2017,20.317,11.516,15.65397917
6/14/2017,21.891,12.413,16.79961806
6/15/2017,22.753,13.088,17.74939583
6/16/2017,23.352,13.762,18.39767361
6/17/2017,24.098,14.912,19.39626389
6/18/2017,25.768,16.725,20.96053472
6/19/2017,26.085,17.082,21.49534028
6/20/2017,25.695,17.891,21.86754861
6/21/2017,25.501,17.082,21.33395833
6/22/2017,25.113,16.558,20.94025
6/23/2017,25.38,17.272,21.21813194
6/24/2017,25.065,16.63,20.79125
6/25/2017,22.824,16.582,19.73886806
6/26/2017,23.978,15.986,19.94784722
6/27/2017,23.713,14.84,19.38525
6/28/2017,23.376,15.27,19.51894444
6/29/2017,23.641,15.031,19.498875
6/30/2017,24.074,15.366,19.893
7/1/2017,24.605,15.39,20.105625
7/2/2017,23.905,16.225,20.35700694
7/3/2017,23.954,15.27,19.87061806
7/4/2017,24.581,15.629,20.24365278
7/5/2017,24.895,15.581,20.4019375
7/6/2017,25.623,16.249,21.01188194
7/7/2017,23.521,18.152,21.38595139
7/8/2017,24.75,17.677,21.41409722
7/9/2017,26.085,18.937,22.51441667
7/10/2017,24.412,20.079,22.2275
7/11/2017,25.525,19.532,22.52050694
7/12/2017,25.695,19.77,22.80088194
7/13/2017,25.939,18.723,22.40001389
7/14/2017,25.914,18.2,22.19276389
7/15/2017,24.944,18.319,22.09284028
7/16/2017,25.963,18.889,22.41261806
7/17/2017,26.744,19.341,22.9533125
7/18/2017,25.38,19.793,22.62611111
7/19/2017,25.671,20.46,22.86457639
7/20/2017,25.647,19.888,22.73347222
7/21/2017,25.987,18.818,22.42854167
7/22/2017,25.404,19.484,22.53329167
7/23/2017,24.315,18.438,21.4966875
7/24/2017,24.605,19.294,21.8854375
7/25/2017,22.345,19.508,20.37004861
7/26/2017,24.944,18.129,21.0505625
7/27/2017,26.451,18.771,22.35689583
7/28/2017,24.944,19.318,22.23630556
7/29/2017,24.944,18.961,21.86250694
7/30/2017,25.065,18.58,21.50040278
7/31/2017,25.283,18.842,22.03684028
8/1/2017,23.713,18.057,21.1596875
8/2/2017,24.823,17.867,21.14191667
8/3/2017,25.768,18.485,21.65640972
8/4/2017,22.896,19.984,22.15190972
8/5/2017,25.065,18.889,21.56424306
8/6/2017,24.677,18.889,21.55490972
8/7/2017,25.065,18.509,21.629375
8/8/2017,25.089,17.796,21.23079861
8/9/2017,25.137,17.439,21.14365972
8/10/2017,24.702,16.725,20.68342361
8/11/2017,25.355,18.343,21.72763889
8/12/2017,23.208,18.01,20.676625
8/13/2017,24.581,17.582,21.100125
8/14/2017,23.954,18.557,21.25295833
8/15/2017,22.082,16.368,19.23586806
8/16/2017,22.753,14.96,18.95748611
8/17/2017,23.184,15.39,19.39026389
8/18/2017,23.569,16.034,19.83518056
8/19/2017,23.713,16.296,20.13597917
8/20/2017,22.776,16.106,19.77406944
8/21/2017,21.724,17.368,19.65246528
8/22/2017,24.388,17.201,20.48745833
8/23/2017,23.713,16.558,20.06720139
8/24/2017,23.521,16.582,20.15505556
8/25/2017,23.93,16.534,20.26761111
8/26/2017,24.436,16.606,20.45351389
8/27/2017,22.824,16.677,20.15110417
8/28/2017,23.376,16.392,19.95340972
8/29/2017,23.232,16.606,20.26117361
8/30/2017,23.665,16.677,20.24078472
8/31/2017,23.737,18.652,21.19872917
9/1/2017,23.833,17.13,20.54369444
9/2/2017,22.992,16.582,20.05371528
9/3/2017,22.968,16.392,19.89854167
9/4/2017,22.848,16.868,20.19332639
9/5/2017,22.585,16.534,19.95982639
9/6/2017,23.256,17.177,20.24934722
9/7/2017,21.891,17.034,19.74229861
9/8/2017,20.603,16.368,18.31913194
9/9/2017,21.533,17.153,19.122875
9/10/2017,22.729,16.201,19.27915278
9/11/2017,22.992,16.463,19.64544444
9/12/2017,22.944,16.963,19.84094444
9/13/2017,21.724,15.676,18.76850694
9/14/2017,20.507,15.629,17.79889583
9/15/2017,18.723,13.473,15.80368056
9/16/2017,19.389,13.738,16.33103472
9/17/2017,19.77,13.522,16.40905556
9/18/2017,19.103,12.944,15.99052083
9/19/2017,19.08,13.93,16.37770139
9/20/2017,19.056,13.281,16.17326389
9/21/2017,17.891,14.002,15.88152778
9/22/2017,17.748,13.473,15.30865278
9/23/2017,14.96,10.687,12.841125
9/24/2017,15.27,9.657,12.35089583
9/25/2017,15.485,9.657,12.48258333
9/26/2017,15.891,10.124,12.9500625
9/27/2017,15.27,10.98,13.33411111
9/28/2017,17.558,11.929,14.441125
9/29/2017,17.558,11.589,14.445625
9/30/2017,17.272,11.686,14.40229861
10/1/2017,16.249,11.346,13.91253472
10/2/2017,15.796,11.394,13.50298611
10/3/2017,15.39,9.361,12.30372222
10/4/2017,16.677,10.687,13.44290972
10/5/2017,15.581,10.075,12.85415278
10/6/2017,14.912,9.386,12.13908333
10/7/2017,14.697,9.064,11.85925
10/8/2017,14.385,9.213,11.77985417
10/9/2017,13.329,8.369,10.91288889
10/10/2017,13.137,7.795,10.52493056
10/11/2017,14.05,8.295,11.02309028
10/12/2017,13.858,8.693,11.35217361
10/13/2017,13.425,8.245,10.94573611
10/14/2017,12.871,8.095,10.56606944
10/15/2017,12.654,7.494,10.13385417
10/16/2017,12.509,6.788,9.675472222
10/17/2017,13.137,7.393,10.21963889
10/18/2017,12.799,8.99,10.96679167
10/19/2017,15.103,10.81,12.8381875
10/20/2017,14.074,10.418,12.42678472
10/21/2017,12.944,9.089,11.03544444
10/22/2017,12.944,7.945,10.34604167
10/23/2017,13.834,8.792,11.22628472
10/24/2017,14.074,9.731,11.92660417
10/25/2017,13.353,8.941,11.29463889
10/26/2017,12.896,8.444,10.77515972
10/27/2017,13.064,9.04,11.03338889
10/28/2017,13.666,9.188,11.20861806
10/29/2017,13.497,8.965,11.02997917
10/30/2017,12.606,9.015,10.70613194
10/31/2017,13.353,9.287,11.13922222
11/1/2017,13.257,9.312,11.04693056
11/2/2017,14.337,10.418,11.84770833
11/3/2017,13.906,11.175,12.18210417
11/4/2017,13.137,10.712,11.71456944
11/5/2017,13.522,10.541,11.65893056
11/6/2017,12.847,10.638,11.40638194
11/7/2017,12.413,9.114,10.50000694
11/8/2017,9.78,6.102,8.039875
11/9/2017,10.736,6.102,8.067763889
11/10/2017,10.858,6.611,8.480270833
11/11/2017,10.614,6.636,8.399569444
11/12/2017,9.657,6.179,7.838638889
11/13/2017,10.124,6.484,8.239798611
11/14/2017,9.829,6.179,7.902909722
11/15/2017,9.805,6.255,7.840881944
11/16/2017,9.188,6.153,7.636319444
11/17/2017,11.419,9.114,9.971541667
11/18/2017,9.238,6.051,7.569513889
11/19/2017,7.845,3.932,5.783333333
11/20/2017,8.145,4.506,6.110569444
11/21/2017,9.287,5.385,7.083951389
11/22/2017,10.883,7.066,8.566423611
11/23/2017,9.928,7.167,8.494236111
11/24/2017,10.443,6.889,8.448708333
11/25/2017,10.271,6.585,8.219381944
11/26/2017,10.736,6.839,8.481576389
11/27/2017,10.271,7.015,8.450381944
11/28/2017,9.435,6.331,7.710875
11/29/2017,9.213,6.128,7.335722222
11/30/2017,8.742,5.128,6.795111111
12/1/2017,9.04,5.514,7.034770833
12/2/2017,9.312,5.821,7.291284722
12/3/2017,8.419,6.56,7.348006944
12/4/2017,6.94,4.454,5.499138889
12/5/2017,5.334,2.69,4.001631944
12/6/2017,5.488,2.343,3.849270833
12/7/2017,5.616,2.101,3.772715278
12/8/2017,6.128,2.717,4.204722222
12/9/2017,5.821,2.637,4.2055625
12/10/2017,5.539,2.209,3.900125
12/11/2017,5.024,1.805,3.447791667
12/12/2017,6.077,2.69,4.151659722
12/13/2017,6.281,3.063,4.536381944
12/14/2017,7.066,3.512,4.900555556
12/15/2017,5.821,2.85,4.295875
12/16/2017,6.077,3.301,4.527201389
12/17/2017,6.382,4.037,5.064201389
12/18/2017,6.026,2.956,4.239166667
12/19/2017,6.281,3.036,4.428770833
12/20/2017,6.687,3.827,5.027319444
12/21/2017,5.411,3.116,4.230729167
12/22/2017,4.272,1.371,2.679965278
12/23/2017,6.128,2.61,4.019486111
12/24/2017,6.687,3.617,4.865986111
12/25/2017,6.839,4.895,5.724840278
12/26/2017,6.661,3.932,5.057979167
12/27/2017,6.382,3.195,4.641020833
12/28/2017,6.357,3.195,4.553194444
12/29/2017,6.331,3.063,4.487652778
12/30/2017,6.382,3.433,4.733673611
12/31/2017,6.179,3.538,4.760298611
1/1/2018,6.179,3.116,4.513284722
1/2/2018,6.23,3.564,4.750319444
1/3/2018,5.949,3.036,4.471118056
1/4/2018,6.281,3.036,4.420819444
1/5/2018,7.72,4.011,5.567375
1/6/2018,7.895,5.411,6.506430556
1/7/2018,8.27,5.411,6.672784722
1/8/2018,6.889,4.74,5.779847222
1/9/2018,7.041,6.611,6.832618056
1/10/2018,6.712,6.128,6.357319444
1/11/2018,7.995,5.179,6.385673611
1/12/2018,8.195,4.999,6.474763889
1/13/2018,7.569,4.115,5.8306875
1/14/2018,8.07,4.532,5.983215278
1/15/2018,8.519,5.05,6.470173611
1/16/2018,8.195,5.076,6.496625
1/17/2018,8.543,5.024,6.559305556
1/18/2018,8.27,4.999,6.473611111
1/19/2018,8.792,5.282,6.838506944
1/20/2018,7.72,5.565,7.073944444
1/21/2018,6.382,3.722,4.899006944
1/22/2018,5.179,1.724,3.41075
1/23/2018,6.331,2.637,4.302638889
1/24/2018,6.737,2.664,4.549166667
1/25/2018,6.331,3.38,4.742333333
1/26/2018,6.585,4.063,5.345770833
1/27/2018,6.102,2.45,4.342055556
1/28/2018,8.02,4.194,5.831652778
1/29/2018,8.27,4.558,6.348243056
1/30/2018,8.618,4.74,6.576097222
1/31/2018,8.668,4.714,6.619090278
2/1/2018,8.12,5.154,6.671513889
2/2/2018,9.829,5.539,7.443666667
2/3/2018,10.026,5.924,7.922569444
2/4/2018,10.026,5.872,7.940756944
2/5/2018,10.149,6.051,8.051097222
2/6/2018,10.051,6.535,8.148361111
2/7/2018,9.139,4.688,6.851763889
2/8/2018,9.879,5.282,7.454895833
2/9/2018,10.222,5.693,7.919513889
2/10/2018,9.361,6.331,7.536548611
2/11/2018,8.045,3.591,5.823604167
2/12/2018,7.343,5.616,6.169847222
2/13/2018,9.361,5.975,7.502222222
2/14/2018,9.163,7.393,8.260222222
2/15/2018,11.127,7.645,8.914875
2/16/2018,8.245,4.063,6.275888889
2/17/2018,9.287,4.428,6.664590278
2/18/2018,9.361,4.869,7.048041667
2/19/2018,8.22,4.35,5.857013889
2/20/2018,6.611,2.477,4.291486111
2/21/2018,4.844,1.48,3.282680556
2/22/2018,4.895,2.956,3.979569444
2/23/2018,6.509,4.063,5.053458333
2/24/2018,5.462,1.94,3.992027778
2/25/2018,8.145,3.116,5.412138889
2/26/2018,8.07,2.477,5.203118056
2/27/2018,7.192,3.591,5.544638889
2/28/2018,9.213,4.22,6.490868056
3/1/2018,8.394,4.766,6.541173611
3/2/2018,10.1,4.48,7.056083333
3/3/2018,9.41,5.102,7.3095625
3/4/2018,8.866,5.539,7.283340278
3/5/2018,8.618,2.53,5.611756944
3/6/2018,8.916,3.142,5.898090278
3/7/2018,7.77,4.168,6.001131944
3/8/2018,10.565,5.05,7.592930556
3/9/2018,11.467,5.36,8.253694444
3/10/2018,10.345,5.668,8.137166667
3/11/2018,12.558,8.742,10.21459722
3/12/2018,13.762,7.242,10.11981944
3/13/2018,13.377,7.97,10.60651389
3/14/2018,12.098,9.336,10.71452083
3/15/2018,10.418,6.306,7.797625
3/16/2018,10.149,4.895,7.197652778
3/17/2018,8.866,6.484,7.76475
3/18/2018,11.419,5.257,7.869298611
3/19/2018,11.734,5.076,7.924972222
3/20/2018,11.175,5.488,8.266
3/21/2018,13.834,7.343,10.34648611
3/22/2018,12.775,8.99,10.40245139
3/23/2018,10.32,6.914,7.992569444
3/24/2018,10.467,6.788,8.220548611
3/25/2018,11.807,6.585,8.508736111
3/26/2018,12.509,6.051,8.561055556
3/27/2018,12.413,5.179,8.348034722
3/28/2018,14.002,6.585,9.80875
3/29/2018,14.314,7.066,10.48240972
3/30/2018,14.697,7.293,10.8769375
3/31/2018,14.768,8.12,11.42835417
4/1/2018,15.438,9.04,12.039375
4/2/2018,14.17,8.419,11.45368056
4/3/2018,15.127,8.494,11.62294444
4/4/2018,12.678,6.839,9.793243056
4/5/2018,15.055,8.07,11.32697222
4/6/2018,16.558,10.149,13.22688194
4/7/2018,18.057,11.832,14.67716667
4/8/2018,16.129,11.589,14.03680556
4/9/2018,16.63,9.04,12.26425694
4/10/2018,15.939,8.593,11.98765972
4/11/2018,17.415,9.706,13.16980556
4/12/2018,15.342,10.614,12.65816667
4/13/2018,13.882,7.142,10.22304167
4/14/2018,15.366,6.712,10.61416667
4/15/2018,14.194,8.245,11.21922917
4/16/2018,16.01,9.632,12.55358333
4/17/2018,15.247,8.543,11.62486806
4/18/2018,15.079,7.015,10.848125
4/19/2018,13.161,9.04,10.544
4/20/2018,13.642,8.27,10.64083333
4/21/2018,17.034,8.469,12.30883333
4/22/2018,17.225,9.534,13.23009028
4/23/2018,18.438,9.805,13.93027083
4/24/2018,18.937,10.761,14.68056944
4/25/2018,19.08,11.321,15.17754167
4/26/2018,19.77,11.321,15.508
4/27/2018,19.722,11.977,15.98968056
4/28/2018,19.151,12.968,16.18154861
4/29/2018,17.724,11.807,14.72984028
4/30/2018,16.463,11.492,14.28097222
5/1/2018,15.223,11.516,13.48966667
5/2/2018,13.618,11.273,12.25857639
5/3/2018,18.747,9.952,13.77340278
5/4/2018,19.365,10.173,14.61374306
5/5/2018,20.055,11.321,15.69579861
5/6/2018,17.962,12.34,15.38063889
5/7/2018,18.961,12.534,15.68692361
5/8/2018,21.056,12.001,16.59035417
5/9/2018,21.079,13.425,17.63148611
5/10/2018,20.436,13.594,17.41309028
5/11/2018,20.031,13.738,17.02981944
5/12/2018,19.627,13.401,16.23280556
5/13/2018,16.987,11.127,14.6238125
5/14/2018,19.318,11.904,15.69839583
5/15/2018,20.436,12.316,16.59689583
5/16/2018,20.031,11.783,16.25719444
5/17/2018,19.817,12.147,16.33802083
5/18/2018,19.651,11.929,16.20695139
5/19/2018,20.865,13.497,17.53613889
5/20/2018,20.126,14.098,17.66998611
5/21/2018,18.414,13.305,15.54684722
5/22/2018,20.055,13.161,16.46546528
5/23/2018,21.151,13.353,17.61315278
5/24/2018,21.676,13.305,17.87217361
5/25/2018,21.246,13.473,17.83039583
5/26/2018,20.269,13.257,17.20791667
5/27/2018,20.222,12.871,16.99811111
5/28/2018,19.746,13.425,16.85135417
5/29/2018,22.298,13.858,18.23453472
5/30/2018,22.058,14.984,18.88654861
5/31/2018,21.246,14.84,18.36766667
6/1/2018,22.154,14.481,18.50647917
6/2/2018,22.944,14.792,19.08204861
6/3/2018,23.112,15.366,19.59157639
6/4/2018,23.424,14.721,19.49409028
6/5/2018,22.681,15.127,19.52272917
6/6/2018,23.064,15.342,19.63389583
6/7/2018,22.992,15.27,19.63809028
6/8/2018,23.232,14.936,19.60658333
6/9/2018,22.609,14.768,19.15590278
6/10/2018,22.896,15.963,19.53665972
6/11/2018,23.256,14.96,19.59315278
6/12/2018,23.713,15.342,20.00702083
6/13/2018,23.088,15.605,19.98350694
6/14/2018,23.28,15.652,19.83213889
6/15/2018,21.079,16.392,19.17685417
6/16/2018,20.841,17.32,19.36382639
6/17/2018,22.872,17.225,19.8158125
6/18/2018,23.424,15.915,19.73152083
6/19/2018,22.92,14.816,19.39214583
6/20/2018,24.05,15.652,20.24636806
6/21/2018,24.412,16.225,20.669125
6/22/2018,24.46,16.749,21.01705556
6/23/2018,23.713,16.225,20.39298611
6/24/2018,24.605,17.582,21.35909028
6/25/2018,24.363,16.201,20.70866667
6/26/2018,24.944,16.82,21.32328472
6/27/2018,24.508,16.915,21.28040972
6/28/2018,22.896,16.201,19.97190278
6/29/2018,23.232,15.843,19.81974306
6/30/2018,23.545,16.225,20.32905556
7/1/2018,23.93,17.011,20.88956944
7/2/2018,24.436,16.892,20.96728472
7/3/2018,23.809,17.082,20.89536111
7/4/2018,23.761,16.606,20.62878472
7/5/2018,24.484,16.82,20.99798611
7/6/2018,24.508,18.533,22.03921528
7/7/2018,26.378,19.793,23.07252083
7/8/2018,26.842,19.651,23.39591667
7/9/2018,26.353,21.294,23.94509722
7/10/2018,27.136,20.484,23.80422222
7/11/2018,26.671,18.366,22.91808333
7/12/2018,25.55,19.627,21.47438194
7/13/2018,23.184,20.722,21.73445139
7/14/2018,23.112,21.27,21.95213889
7/15/2018,22.872,19.77,21.017375
7/16/2018,23.665,20.365,21.8560625
7/17/2018,24.098,20.889,22.46202778
7/18/2018,24.315,20.436,22.21404861
7/19/2018,23.978,21.127,22.67997222
7/20/2018,24.484,20.96,22.54918056
7/21/2018,24.074,21.032,22.31892361
7/22/2018,24.75,20.865,22.59054167
7/23/2018,25.065,20.889,23.03055556
7/24/2018,24.508,20.627,22.58615972
7/25/2018,24.46,20.627,22.58409028
7/26/2018,24.726,20.555,22.66672222
7/27/2018,24.581,20.222,22.50242361
7/28/2018,24.267,20.412,22.47509722
7/29/2018,24.605,20.746,22.66136111
7/30/2018,23.545,20.77,22.23772222
7/31/2018,23.641,20.15,21.82413194
8/1/2018,24.122,20.865,22.55095833
8/2/2018,23.833,20.889,22.51461111
8/3/2018,23.905,20.841,22.41353472
8/4/2018,23.665,20.722,22.28686806
8/5/2018,23.785,20.507,22.26794444
8/6/2018,23.112,18.723,21.06122222
8/7/2018,22.681,18.414,20.70736111
8/8/2018,22.896,18.604,20.85030556
8/9/2018,23.376,19.199,21.37679861
8/10/2018,23.28,20.055,21.862125
8/11/2018,23.112,20.77,22.11972222
8/12/2018,23.088,19.579,21.33815278
8/13/2018,23.232,19.96,21.72108333
8/14/2018,23.184,20.365,21.88413194
8/15/2018,23.304,20.793,22.11567361
8/16/2018,22.681,20.698,21.61995833
8/17/2018,23.328,20.341,21.79138194
8/18/2018,23.737,20.65,22.18576389
8/19/2018,23.448,19.674,21.56258333
8/20/2018,22.633,19.555,20.95894444
8/21/2018,21.795,20.793,21.18076389
8/22/2018,21.056,18.771,19.70080556
8/23/2018,22.154,18.771,20.14940278
8/24/2018,22.13,18.509,20.12234722
8/25/2018,22.441,18.913,20.66893056
8/26/2018,22.178,19.103,20.81596528
8/27/2018,21.581,18.818,20.33851389
8/28/2018,20.817,17.106,19.11994444
8/29/2018,20.936,16.892,18.92634722
8/30/2018,20.77,17.51,19.13315278
8/31/2018,21.079,17.486,19.26982639
9/1/2018,20.722,17.058,19.0918125
9/2/2018,21.103,17.534,19.29015972
9/3/2018,20.722,17.415,19.211875
9/4/2018,20.96,17.962,19.42216667
9/5/2018,20.889,18.39,19.839
9/6/2018,20.746,17.177,18.96876389
9/7/2018,21.175,17.463,19.34308333
9/8/2018,21.175,17.582,19.45330556
9/9/2018,20.984,17.249,19.15996528
9/10/2018,20.793,16.796,18.93336806
9/11/2018,22.321,14.529,19.17029167
9/12/2018,20.817,13.329,16.93381944
9/13/2018,20.365,13.642,16.41563194
9/14/2018,20.722,11.686,15.68081944
9/15/2018,19.246,12.485,15.57230556
9/16/2018,20.698,14.29,16.931625
9/17/2018,22.25,14.816,17.74173611
9/18/2018,21.557,14.457,17.32648611
9/19/2018,20.246,12.847,15.95998611
9/20/2018,19.413,11.977,15.10552083
9/21/2018,19.199,11.151,14.53195139
9/22/2018,19.865,11.856,15.09186806
9/23/2018,19.627,13.401,15.95665278
9/24/2018,20.46,13.906,16.52849306
9/25/2018,20.055,13.401,16.06523611
9/26/2018,18.557,11.856,14.80136111
9/27/2018,18.033,10.785,13.86678472
9/28/2018,18.414,10.932,14.03076389
9/29/2018,19.103,12.098,14.85608333
9/30/2018,18.699,13.954,15.84649306
10/1/2018,20.865,15.461,17.39088194
10/2/2018,19.27,16.415,17.46921528
10/3/2018,21.032,16.773,18.26251389
10/4/2018,17.391,13.425,15.5851875
10/5/2018,17.915,13.762,15.43009722
10/6/2018,14.266,12.268,12.93115972
10/7/2018,13.257,11.807,12.449625
10/8/2018,15.772,11.2,12.99065972
10/9/2018,15.438,9.608,12.251875
10/10/2018,16.487,11.151,13.29163889
10/11/2018,14.577,11.467,12.96404167
10/12/2018,16.487,10.271,13.00592361
10/13/2018,16.63,10.638,13.25717361
10/14/2018,14.625,10.173,12.15390972
10/15/2018,13.064,7.293,9.775159722
10/16/2018,10.81,6.864,8.828152778
10/17/2018,13.81,8.891,10.71504861
10/18/2018,14.242,8.22,10.88400694
10/19/2018,14.29,8.095,10.96818056
10/20/2018,15.27,8.941,11.77268056
10/21/2018,15.151,11.832,13.02817361
10/22/2018,16.296,12.364,13.61809722
10/23/2018,15.318,10.467,12.64971528
10/24/2018,15.438,10.222,12.52051389
10/25/2018,15.223,10.001,12.2431875
10/26/2018,14.745,9.731,11.96099306
10/27/2018,14.481,9.706,11.82586806
10/28/2018,14.529,8.693,11.4055625
10/29/2018,14.337,9.262,11.48760417
10/30/2018,14.05,9.952,11.413
10/31/2018,11.88,7.268,9.346166667
11/1/2018,11.953,7.091,9.045388889
11/2/2018,13.594,8.295,10.49043056
11/3/2018,13.04,8.891,10.72663194
11/4/2018,11.88,7.77,9.707916667
11/5/2018,12.534,8.045,9.909819444
11/6/2018,11.686,7.393,9.337826389
11/7/2018,10.687,5.872,8.152270833
11/8/2018,10.222,5.975,7.844798611
11/9/2018,9.435,4.818,6.873395833
11/10/2018,8.841,4.168,6.348034722
11/11/2018,8.369,4.272,6.128347222
11/12/2018,7.945,3.564,5.435798611
11/13/2018,7.97,3.67,5.589972222
11/14/2018,9.04,4.48,6.400694444
11/15/2018,9.41,4.61,6.761930556
11/16/2018,9.361,4.999,6.941326389
11/17/2018,9.188,4.895,6.838638889
11/18/2018,9.114,4.792,6.6635625
11/19/2018,8.12,3.512,5.674097222
11/20/2018,7.97,3.643,5.5378125
11/21/2018,8.195,3.538,5.672506944
11/22/2018,8.494,5.872,6.948798611
11/23/2018,8.394,6.051,7.122409722
11/24/2018,9.435,5.411,7.060902778
11/25/2018,7.995,4.22,6.055819444
11/26/2018,7.619,3.827,5.570125
11/27/2018,7.695,3.958,5.474645833
11/28/2018,8.195,4.973,6.590895833
11/29/2018,8.99,6.128,7.934402778
11/30/2018,7.619,6.255,7.051104167
12/1/2018,8.22,5.616,6.810020833
12/2/2018,7.268,4.999,5.932604167
12/3/2018,5.257,2.182,3.849916667
12/4/2018,4.999,2.289,3.575215278
12/5/2018,6.23,4.22,5.1145
12/6/2018,8.245,5.975,6.9476875
12/7/2018,9.213,6.99,7.892145833
12/8/2018,8.543,5.488,6.897333333
12/9/2018,7.695,4.376,5.942270833
12/10/2018,7.393,4.61,5.905701389
12/11/2018,8.941,6,7.170458333
12/12/2018,7.92,4.792,6.082076389
12/13/2018,6.585,3.564,4.864520833
12/14/2018,6.357,3.722,4.867166667
12/15/2018,7.945,4.792,6.062729167
12/16/2018,7.92,4.22,5.815819444
12/17/2018,7.519,5.076,6.232527778
12/18/2018,7.293,4.921,6.222486111
12/19/2018,8.07,4.714,6.099854167
12/20/2018,8.07,4.61,6.198986111
12/21/2018,7.895,5.796,6.6333125
12/22/2018,8.07,4.74,6.126409722
12/23/2018,8.245,4.895,6.230048611
12/24/2018,7.82,5.154,6.560020833
12/25/2018,7.192,5.591,6.677840278
12/26/2018,7.419,5.231,6.021020833
12/27/2018,6.484,4.011,5.002743056
12/28/2018,6,3.722,4.535208333
12/29/2018,4.115,1.317,2.754729167
12/30/2018,5.872,2.182,3.718423611
12/31/2018,5.102,2.983,4.343833333
1/1/2019,3.749,0.852,2.125902778
1/2/2019,3.38,-0.032,1.552388889
1/3/2019,4.844,0.989,2.587854167
1/4/2019,6.636,2.557,4.181638889
1/5/2019,6,3.301,4.555201389
1/6/2019,5.975,4.194,5.120423611
1/7/2019,6.99,5.308,6.055513889
1/8/2019,7.494,4.869,6.220347222
1/9/2019,8.145,4.662,6.107805556
1/10/2019,8.045,4.141,5.843465278
1/11/2019,7.77,4.011,5.584125
1/12/2019,7.066,2.77,4.758145833
1/13/2019,7.619,3.142,5.034902778
1/14/2019,7.419,4.973,6.053277778
1/15/2019,6.661,5.565,6.331791667
1/16/2019,6.737,5.462,5.907631944
1/17/2019,6.509,4.141,5.573631944
1/18/2019,6.839,3.564,4.940180556
1/19/2019,6.788,3.221,4.744527778
1/20/2019,7.995,4.428,5.963527778
1/21/2019,7.041,3.168,4.916555556
1/22/2019,6.331,3.089,4.335423611
1/23/2019,5.616,2.101,3.6861875
1/24/2019,7.695,2.93,4.859444444
1/25/2019,6.051,2.956,4.461847222
1/26/2019,7.594,3.564,5.160680556
1/27/2019,8.195,4.402,5.932861111
1/28/2019,8.519,4.115,6.042194444
1/29/2019,8.17,5.154,6.506458333
1/30/2019,7.695,3.433,5.580854167
1/31/2019,7.845,3.063,5.244416667
2/1/2019,9.213,4.895,6.837131944
2/2/2019,7.544,5.334,6.824680556
2/3/2019,6.077,4.506,5.277805556
2/4/2019,6.509,5.205,5.831673611
2/5/2019,6.281,2.744,4.790381944
2/6/2019,5.154,2.37,3.521736111
2/7/2019,5.282,1.044,3.021069444
2/8/2019,6.102,0.384,2.867791667
2/9/2019,5.616,1.208,3.199145833
2/10/2019,8.444,3.538,5.179180556
2/11/2019,6.687,2.182,4.157666667
2/12/2019,6.458,1.099,3.516256944
2/13/2019,6.23,3.248,4.607555556
2/14/2019,5.949,2.289,4.827951389
2/15/2019,7.519,2.503,4.478409722
2/16/2019,6.051,3.38,4.585993056
2/17/2019,5.924,3.327,4.304333333
2/18/2019,5.282,3.301,4.169430556
2/19/2019,5.847,1.886,3.686222222
2/20/2019,4.115,1.398,2.912208333
2/21/2019,4.115,2.477,3.278055556
2/22/2019,6.509,2.209,4.039576389
2/23/2019,6.051,1.262,3.462798611
2/24/2019,7.519,1.561,4.149104167
2/25/2019,8.295,2.903,5.271819444
2/26/2019,8.841,3.354,5.799840278
2/27/2019,9.928,4.428,6.595138889
2/28/2019,9.558,5.05,6.578277778
3/1/2019,9.977,5.36,7.080875
3/2/2019,7.242,4.584,5.789208333
3/3/2019,6.889,3.854,5.111284722
3/4/2019,7.393,4.792,6.017895833
3/5/2019,7.444,4.636,5.9124375
3/6/2019,7.116,1.153,5.515236111
3/7/2019,5.693,1.778,4.119256944
3/8/2019,5.514,4.792,5.049902778
3/9/2019,6.889,4.115,5.134097222
3/10/2019,7.695,4.973,6.035416667
3/11/2019,11.053,5.924,8.035618056
3/12/2019,10.222,7.015,8.400520833
3/13/2019,8.543,4.376,6.468986111
3/14/2019,10.345,3.643,6.11675
3/15/2019,10.369,3.67,6.572930556
3/16/2019,11.832,4.063,7.4335625
3/17/2019,12.364,4.688,7.943527778
3/18/2019,12.025,5.282,8.122944444
3/19/2019,12.171,5.668,8.383923611
3/20/2019,9.78,6.839,8.146826389
3/21/2019,8.045,5.282,6.737708333
3/22/2019,7.519,5.282,6.261722222
3/23/2019,11.734,5.821,8.069604167
3/24/2019,13.016,7.444,9.415256944
3/25/2019,12.582,6.026,8.594298611
3/26/2019,11.224,6.636,8.410993056
3/27/2019,10.32,6.585,8.104104167
3/28/2019,10.492,6.179,7.729020833
3/29/2019,11.492,6.636,8.271534722
3/30/2019,11.783,5.924,8.1804375
3/31/2019,12.654,6.331,8.632638889
4/1/2019,11.929,6.23,8.453208333
4/2/2019,9.632,7.167,8.168159722
4/3/2019,11.832,7.645,9.161916667
4/4/2019,10.956,7.67,8.927194444
4/5/2019,11.589,7.544,9.014333333
4/6/2019,12.243,8.494,9.817048611
4/7/2019,11.929,6.864,8.936409722
4/8/2019,11.589,7.167,9.132583333
4/9/2019,10.369,6.94,8.652895833
4/10/2019,8.742,5.334,6.543277778
4/11/2019,8.195,4.844,6.235965278
4/12/2019,9.928,6.153,7.44125
4/13/2019,12.558,6,8.310895833
4/14/2019,13.088,7.368,9.281013889
4/15/2019,11.613,7.569,9.225326389
4/16/2019,9.238,7.268,7.948527778
4/17/2019,12.364,6.306,8.498166667
4/18/2019,12.582,7.368,9.473243056
4/19/2019,10.932,6.788,9.217486111
4/20/2019,10.541,6.281,8.258736111
4/21/2019,9.879,6.433,7.7749375
4/22/2019,9.41,5.539,7.471694444
4/23/2019,10.883,5.975,8.306423611
4/24/2019,11.297,5.514,8.110361111
4/25/2019,10.565,6.077,8.285840278
4/26/2019,11.783,6.737,8.843548611
4/27/2019,11.734,6.408,8.554576389
4/28/2019,11.467,6.433,8.673236111
4/29/2019,9.829,7.041,7.957944444
4/30/2019,8.717,6.179,7.504736111
5/1/2019,9.829,6.687,8.373131944
5/2/2019,10.001,6.357,8.456291667
5/3/2019,10.834,7.066,9.118763889
5/4/2019,11.565,7.519,9.792694444
5/5/2019,11.856,7.519,9.884229167
5/6/2019,11.686,7.167,9.509736111
5/7/2019,11.565,7.97,9.506361111
5/8/2019,10.858,8.145,9.6821875
5/9/2019,10.883,7.845,9.339395833
5/10/2019,9.78,8.369,9.054145833
5/11/2019,10.638,7.87,9.466423611
5/12/2019,12.122,8.295,10.39805556
5/13/2019,13.04,8.17,10.7343125
5/14/2019,13.016,8.693,10.94623611
5/15/2019,12.558,8.792,10.50309028
5/16/2019,11.807,8.693,9.676368056
5/17/2019,9.657,7.041,8.036055556
5/18/2019,10.761,6.382,8.4766875
5/19/2019,10.614,6.255,9.062138889
5/20/2019,7.92,6.051,6.931708333
5/21/2019,9.089,7.242,8.193694444
5/22/2019,9.139,7.167,8.171208333
5/23/2019,8.841,7.519,8.068548611
5/24/2019,11.151,7.745,9.181090278
5/25/2019,12.025,8.419,10.03515972
5/26/2019,11.443,8.792,10.41378472
5/27/2019,11.419,8.07,9.248027778
5/28/2019,10.394,8.27,9.1141875
5/29/2019,11.734,9.04,10.33213889
5/30/2019,12.654,10.026,11.40636111
5/31/2019,13.449,9.977,11.70286111
6/1/2019,13.81,10.32,12.20461111
6/2/2019,13.497,9.682,11.80479861
6/3/2019,14.242,10.026,12.28333333
6/4/2019,14.026,10.198,12.38984722
6/5/2019,14.84,10.418,12.64715972
6/6/2019,14.912,10.98,13.10640972
6/7/2019,14.745,10.956,13.14540278
6/8/2019,14.96,10.736,12.9738125
6/9/2019,14.577,10.785,12.95508333
6/10/2019,14.96,11.151,13.31371528
6/11/2019,16.487,12.437,14.52136806
6/12/2019,16.487,13.233,14.779875
6/13/2019,17.962,13.786,15.64242361
6/14/2019,16.82,13.906,15.47465972
6/15/2019,18.557,14.098,15.85498611
6/16/2019,17.368,14.098,15.52941667
6/17/2019,17.106,14.098,15.53152083
6/18/2019,18.842,14.673,16.45690972
6/19/2019,19.865,14.673,16.75439583
6/20/2019,20.15,15.294,17.20884028
6/21/2019,20.15,15.963,17.4754375
6/22/2019,18.961,13.642,15.86988889
6/23/2019,18.866,12.678,15.08295833
6/24/2019,20.055,13.04,15.89418056
6/25/2019,20.913,13.666,16.70283333
6/26/2019,20.96,13.786,16.91029861
6/27/2019,21.318,13.906,17.10354861
6/28/2019,21.652,13.642,17.17078472
6/29/2019,19.984,13.858,16.68957639
6/30/2019,19.603,16.058,17.46919444
7/1/2019,22.896,14.601,18.16922917
7/2/2019,22.992,14.697,18.3320625
7/3/2019,21.963,14.649,18.08575694
7/4/2019,22.441,14.026,17.91441667
7/5/2019,22.776,14.385,18.17034028
7/6/2019,23.328,14.745,18.60751389
7/7/2019,20.722,14.816,17.68588194
7/8/2019,22.154,14.242,17.87897917
7/9/2019,22.896,13.882,18.04857639
7/10/2019,23.93,14.529,18.90251389
7/11/2019,24.388,16.082,19.98659722
7/12/2019,24.098,17.391,20.67913194
7/13/2019,24.557,18.747,21.40525
7/14/2019,24.339,17.677,20.99767361
7/15/2019,25.841,17.843,21.55123611
7/16/2019,24.315,16.63,20.42684028
7/17/2019,23.593,16.439,19.91391667
7/18/2019,23.954,15.509,19.57208333
7/19/2019,24.219,15.843,19.88013194
7/20/2019,24.146,15.318,19.68881944
7/21/2019,24.412,15.533,19.86652778
7/22/2019,23.472,15.819,19.75755556
7/23/2019,24.002,17.986,21.12599306
7/24/2019,23.569,19.436,21.60934722
7/25/2019,25.404,19.318,22.16921528
7/26/2019,24.944,19.46,22.08992361
7/27/2019,25.647,19.008,22.19473611
7/28/2019,26.134,18.842,22.36842361
7/29/2019,25.355,17.962,21.52682639
7/30/2019,22.944,17.391,19.98159722
7/31/2019,21.772,18.818,20.10809028
8/1/2019,25.113,17.463,20.94313889
8/2/2019,24.702,17.653,21.2620625
8/3/2019,25.525,19.08,22.36149306
8/4/2019,25.623,19.413,22.61841667
8/5/2019,25.744,18.675,22.35170139
8/6/2019,23.93,18.771,21.3375
8/7/2019,24.702,19.389,21.75184722
8/8/2019,24.363,19.175,21.81208333
8/9/2019,23.256,17.724,20.59149306
8/10/2019,23.112,18.105,20.60846528
8/11/2019,23.424,16.725,20.04109722
8/12/2019,23.761,15.939,19.92121528
8/13/2019,23.665,15.748,19.78818056
8/14/2019,23.328,15.318,19.432375
8/15/2019,23.352,15.414,19.4916875
8/16/2019,22.968,15.652,19.541875
8/17/2019,22.321,14.912,18.89321528
8/18/2019,22.202,14.768,18.72990972
8/19/2019,22.369,14.912,18.81409028
8/20/2019,22.729,14.721,18.83463889
8/21/2019,22.393,14.816,18.85127778
8/22/2019,20.793,14.888,18.14203472
8/23/2019,21.795,14.577,18.27047222
8/24/2019,22.154,15.199,18.85471528
8/25/2019,22.848,15.724,19.41558333
8/26/2019,23.28,16.511,20.05821528
8/27/2019,22.872,16.225,19.77523611
8/28/2019,21.223,15.986,18.69906944
8/29/2019,23.328,16.606,19.92013889
8/30/2019,23.833,16.868,20.40529861
8/31/2019,22.944,16.153,19.78413194
9/1/2019,22.345,14.912,18.82553472
9/2/2019,22.13,16.01,19.25368056
9/3/2019,23.665,17.843,20.81981944
9/4/2019,22.968,17.724,20.50170139
9/5/2019,23.93,17.819,20.8391875
9/6/2019,23.785,18.438,21.23767361
9/7/2019,23.4,17.153,20.441125
9/8/2019,21.915,17.463,19.71209722
9/9/2019,20.412,14.218,17.56751389
9/10/2019,20.103,16.439,18.21919444
9/11/2019,19.984,15.318,17.60870833
9/12/2019,19.793,13.81,16.85290278
9/13/2019,19.817,13.04,16.51649306
9/14/2019,19.793,12.992,16.52913194
9/15/2019,19.888,13.449,16.79454167
9/16/2019,18.937,15.581,17.49620833
9/17/2019,20.055,15.27,17.43489583
9/18/2019,18.39,12.509,15.69370833
9/19/2019,17.605,12.364,15.11918056
9/20/2019,17.296,12.823,15.02842361
9/21/2019,16.511,11.297,14.04508333
9/22/2019,17.082,11.175,14.22898611
9/23/2019,17.296,11.662,14.71996528
9/24/2019,18.509,13.088,15.84647222
9/25/2019,18.533,12.896,15.75569444
9/26/2019,18.343,13.786,16.22806944
9/27/2019,19.484,14.337,16.88088889
9/28/2019,18.105,15.079,16.65413889
9/29/2019,17.034,14.194,15.47494444
9/30/2019,15.509,10.565,13.11952778
10/1/2019,14.481,8.99,11.91918056
10/2/2019,14.409,8.767,11.61984028
10/3/2019,14.529,8.295,11.36179861
10/4/2019,14.792,9.928,12.30284028
10/5/2019,14.529,9.361,12.00342361
10/6/2019,14.721,9.238,11.94029167
10/7/2019,14.433,8.568,11.54813194
10/8/2019,14.721,9.238,11.96433333
10/9/2019,14.242,9.46,11.92451389
10/10/2019,12.896,8.469,10.56761111
10/11/2019,11.346,6.281,8.836215278
10/12/2019,11.492,5.796,8.605854167
10/13/2019,11.807,6.077,8.878520833
10/14/2019,12.727,7.217,9.852131944
10/15/2019,13.064,7.82,10.39002083
10/16/2019,13.377,7.97,10.604
10/17/2019,13.112,9.089,11.15475
10/18/2019,13.497,10.051,11.70749306
10/19/2019,11.856,7.92,10.042125
10/20/2019,12.243,8.494,10.27902083
10/21/2019,11.637,7.192,9.379520833
10/22/2019,12.461,7.745,9.880840278
10/23/2019,12.534,8.045,10.16609722
10/24/2019,11.759,7.845,9.699090278
10/25/2019,11.856,7.368,9.397895833
10/26/2019,12.147,7.619,9.727798611
10/27/2019,10.81,7.745,9.292965278
10/28/2019,8.841,5.257,7.033340278
10/29/2019,8.195,4.168,5.906333333
10/30/2019,6.204,2.53,4.325888889
10/31/2019,6.864,2.53,4.533277778
11/1/2019,7.619,3.327,5.375208333
11/2/2019,8.668,4.194,6.260291667
11/3/2019,9.312,4.869,6.864027778
11/4/2019,9.509,5.179,7.213180556
11/5/2019,10.247,6,7.930326389
11/6/2019,10.345,6.102,8.107465278
11/7/2019,10.198,6.077,8.058756944
11/8/2019,9.928,5.745,7.756451389
11/9/2019,9.706,5.565,7.567916667
11/10/2019,9.558,5.642,7.528527778
11/11/2019,9.977,5.898,7.794583333
11/12/2019,9.805,5.77,7.746861111
11/13/2019,9.682,6.026,7.7583125
11/14/2019,9.608,6.179,7.795388889
11/15/2019,10.418,6.813,8.326
11/16/2019,9.903,6.331,8.019194444
11/17/2019,9.756,6.306,7.918666667
11/18/2019,10.32,6.56,8.303784722
11/19/2019,9.657,6.611,7.915215278
11/20/2019,9.756,7.895,9.312361111
11/21/2019,8.866,7.393,8.096375
11/22/2019,9.854,7.82,8.572027778
11/23/2019,8.891,5.77,7.278638889
11/24/2019,8.145,5.05,6.558833333
11/25/2019,6.94,5.36,6.030423611
11/26/2019,6.153,4.115,5.070875
11/27/2019,6.255,4.115,5.0186875
11/28/2019,7.318,5.872,6.607340278
11/29/2019,6.94,2.37,4.882881944
11/30/2019,6.128,1.886,3.680354167
12/1/2019,5.565,2.155,3.777701389
12/2/2019,6.687,4.168,5.244611111
12/3/2019,7.569,4.895,6.089451389
12/4/2019,7.116,5.024,6.338805556
12/5/2019,5.77,4.688,5.206847222
12/6/2019,7.995,5.231,6.230375
12/7/2019,7.945,5.668,6.710583333
12/8/2019,8.12,5.488,6.855458333
12/9/2019,7.695,5.437,6.142277778
12/10/2019,6.408,3.801,5.041958333
12/11/2019,6.737,3.854,5.066652778
12/12/2019,6.839,4.089,5.213888889
12/13/2019,7.494,4.766,5.914944444
12/14/2019,7.494,6.331,6.842541667
12/15/2019,6.889,4.532,5.8044375
12/16/2019,5.102,3.063,3.930319444
12/17/2019,3.749,1.18,2.502006944
12/18/2019,4.558,2.021,3.156208333
12/19/2019,5.128,2.877,3.828875
12/20/2019,5.257,2.45,3.726868056
12/21/2019,5.719,3.433,4.47875
12/22/2019,5.591,3.617,4.632354167
12/23/2019,5.719,4.688,5.163041667
12/24/2019,6.56,5.642,5.9604375
12/25/2019,5.924,4.999,5.485729167
12/26/2019,5.924,4.402,5.0584375
12/27/2019,5.565,4.402,4.965263889
12/28/2019,4.895,3.063,3.980076389
12/29/2019,3.564,1.561,2.5666875
12/30/2019,5.821,3.248,4.176416667
12/31/2019,4.921,2.316,3.542388889
1/1/2020,5.102,2.983,3.921819444
1/2/2020,5.872,3.274,4.488368056
1/3/2020,5.437,3.089,4.161965278
1/4/2020,6.636,3.801,5.022798611
1/5/2020,5.924,3.168,4.596409722
1/6/2020,5.565,3.089,4.284680556
1/7/2020,5.693,2.823,4.150347222
1/8/2020,6.102,3.722,4.795361111
1/9/2020,6.128,3.459,4.703527778
1/10/2020,5.36,2.85,4.101222222
1/11/2020,4.662,2.209,3.480923611
1/12/2020,5.076,3.142,3.974270833
1/13/2020,5.77,3.354,4.455493056
1/14/2020,5.719,2.717,4.1481875
1/15/2020,5.693,2.744,4.220833333
1/16/2020,6.306,3.142,4.646340278
1/17/2020,6.737,4.844,5.504694444
1/18/2020,5.745,2.45,4.0654375
1/19/2020,6.56,3.827,5.071798611
1/20/2020,6.763,5.024,5.843340278
1/21/2020,6.712,5.898,6.261569444
1/22/2020,8.817,5.745,6.817951389
1/23/2020,7.795,4.506,6.063493056
1/24/2020,7.494,4.402,5.886604167
1/25/2020,7.945,4.532,6.122076389
1/26/2020,8.22,4.766,6.438125
1/27/2020,8.593,5.77,7.136729167
1/28/2020,6.788,4.246,5.585090278
1/29/2020,7.645,4.506,5.873895833
1/30/2020,7.72,4.272,5.7576875
1/31/2020,7.015,4.141,5.529861111
2/1/2020,8.045,4.506,6.024229167
2/2/2020,8.369,4.246,6.227666667
2/3/2020,7.494,3.643,5.490291667
2/4/2020,4.376,1.317,2.803701389
2/5/2020,5.024,0.742,2.859645833
2/6/2020,6.077,2.956,4.407125
2/7/2020,7.67,3.643,5.431013889
2/8/2020,8.07,3.932,5.899958333
2/9/2020,7.945,4.844,6.220333333
2/10/2020,8.543,4.636,6.398569444
2/11/2020,7.268,3.221,5.225743056
2/12/2020,7.368,3.617,5.276097222
2/13/2020,7.569,3.67,5.534284722
2/14/2020,7.895,3.564,5.630666667
2/15/2020,7.318,3.827,5.6166875
2/16/2020,8.941,4.688,6.615055556
2/17/2020,10.222,5.745,7.695138889
2/18/2020,9.114,4.792,6.884381944
2/19/2020,8.693,4.246,6.425069444
2/20/2020,8.543,4.063,6.1630625
2/21/2020,9.188,4.272,6.536875
2/22/2020,8.17,5.872,6.808201389
2/23/2020,10.32,5.924,7.569541667
2/24/2020,9.657,4.999,7.118347222
2/25/2020,8.742,4.402,6.407902778
2/26/2020,8.394,3.827,6.015465278
2/27/2020,9.485,4.324,6.720743056
2/28/2020,9.706,4.714,7.105138889
2/29/2020,9.287,4.895,7.172638889
3/1/2020,8.543,5.616,7.07825
3/2/2020,11.394,6.255,8.266951389
3/3/2020,10.932,5.257,7.920840278
3/4/2020,10.858,5.565,8.185118056
3/5/2020,11.516,5.488,8.368256944
3/6/2020,11.88,6.23,8.925645833
3/7/2020,11.248,7.192,9.249263889
3/8/2020,10.956,8.593,9.603777778
3/9/2020,12.195,7.242,9.471881944
3/10/2020,11.394,7.72,9.582854167
3/11/2020,13.353,8.916,10.682125
3/12/2020,12.268,7.945,9.996645833
3/13/2020,10.907,5.231,6.965902778
3/14/2020,8.095,5.745,6.773402778
3/15/2020,11.273,6.737,8.634395833
3/16/2020,11.297,7.293,9.021361111
3/17/2020,11.078,7.368,8.987138889
3/18/2020,8.866,6.737,7.524604167
3/19/2020,8.045,6.306,6.967166667
3/20/2020,8.419,6.306,7.129993056
3/21/2020,10.663,6.306,8.003479167
3/22/2020,11.2,6.331,8.579826389
3/23/2020,9.485,6.458,7.2305
3/24/2020,12.606,6.331,8.656784722
3/25/2020,11.759,7.67,9.380513889
3/26/2020,12.727,7.795,9.611861111
3/27/2020,10.541,6.585,8.222006944
3/28/2020,11.467,4.947,7.937583333
3/29/2020,9.928,6.94,8.475854167
3/30/2020,13.449,6.611,9.567104167
3/31/2020,14.146,6.965,10.26128472
4/1/2020,13.93,7.544,10.56936111
4/2/2020,13.449,8.419,10.47220833
4/3/2020,12.678,6.077,9.102833333
4/4/2020,13.618,6.408,9.546722222
4/5/2020,12.074,8.245,9.909583333
4/6/2020,11.662,8.792,10.06328472
4/7/2020,14.625,8.12,10.63552778
4/8/2020,12.001,7.77,9.684652778
4/9/2020,11.613,8.02,9.388555556
4/10/2020,13.522,6.99,9.519347222
4/11/2020,14.026,8.145,10.28897222
4/12/2020,12.389,8.668,10.28701389
4/13/2020,10.956,6.813,8.682138889
4/14/2020,11.54,6.128,8.067097222
4/15/2020,12.582,5.745,8.33675
4/16/2020,12.799,7.67,9.529576389
4/17/2020,12.63,8.568,9.975645833
4/18/2020,12.727,9.361,10.51381944
4/19/2020,12.268,8.245,9.842395833
4/20/2020,13.064,8.742,10.40696528
4/21/2020,12.389,9.509,10.58977083
4/22/2020,13.305,8.319,10.30113194
4/23/2020,13.088,8.344,10.50288194
4/24/2020,12.678,8.095,10.32075
4/25/2020,13.016,7.895,10.37432639
4/26/2020,12.847,8.866,10.92375
4/27/2020,13.257,8.792,11.14530556
4/28/2020,13.69,8.866,11.29733333
4/29/2020,13.714,9.114,11.65650694
4/30/2020,13.834,10.075,11.94588194
5/1/2020,13.714,9.312,11.66361111
5/2/2020,13.305,8.916,11.38646528
5/3/2020,13.161,8.866,11.21713194
5/4/2020,13.666,9.04,11.42057639
5/5/2020,13.449,8.767,11.19779167
5/6/2020,13.329,9.336,11.44874306
5/7/2020,14.481,9.829,12.01352778
5/8/2020,13.281,8.767,11.23583333
5/9/2020,14.314,10.075,12.24223611
5/10/2020,13.786,11.078,12.82469444
5/11/2020,14.984,12.171,13.5430625
5/12/2020,14.194,10.59,12.37814583
5/13/2020,15.39,11.346,12.75723611
5/14/2020,15.796,11.346,13.02772917
5/15/2020,16.725,11.637,13.52642361
5/16/2020,17.463,12.292,14.30250694
5/17/2020,18.081,12.944,14.93480556
5/18/2020,18.604,13.473,15.32270139
5/19/2020,15.103,11.224,13.74388194
5/20/2020,15.652,10.369,12.41578472
5/21/2020,17.106,9.829,12.81634028
5/22/2020,16.677,10.271,13.02119444
5/23/2020,18.129,11.419,14.06854861
5/24/2020,17.819,10.883,13.74686111
5/25/2020,18.771,11.005,14.3351875
5/26/2020,20.246,11.686,15.44102083
5/27/2020,21.819,13.401,17.05926389
5/28/2020,22.321,14.457,18.03995833
5/29/2020,23.424,15.223,18.8775625
5/30/2020,20.46,15.27,17.82854861
5/31/2020,20.865,15.318,17.82521528
6/1/2020,22.106,13.834,17.78539583
6/2/2020,21.032,14.481,17.6813125
6/3/2020,21.246,14.936,17.78918056
6/4/2020,23.4,14.577,18.66847917
6/5/2020,20.388,15.223,17.85985417
6/6/2020,20.913,15.509,17.76747222
6/7/2020,20.555,15.151,17.41777778
6/8/2020,17.819,12.823,15.19911111
6/9/2020,19.436,10.932,14.91665972
6/10/2020,21.509,12.461,16.71289583
6/11/2020,22.226,13.449,17.75650694
6/12/2020,21.987,13.594,17.88463194
6/13/2020,19.46,14.649,17.00238194
6/14/2020,21.509,12.751,16.92476389
6/15/2020,21.843,13.522,17.85493706
6/16/2020,22.011,15.294,18.69142361
6/17/2020,22.633,15.39,18.99818056
6/18/2020,21.915,14.864,18.58253472
6/19/2020,22.226,14.218,18.36978472
6/20/2020,22.489,14.194,18.53855556
6/21/2020,22.369,14.912,18.89924306
6/22/2020,23.713,15.366,19.68108333
6/23/2020,24.339,16.63,20.71223611
6/24/2020,24.653,17.011,21.12463194
6/25/2020,24.484,16.844,21.01585417
6/26/2020,24.219,17.558,21.15210417
6/27/2020,23.617,16.915,20.71986111
6/28/2020,22.681,17.677,20.43134722
6/29/2020,20.984,15.748,18.14334028
6/30/2020,,,
7/1/2020,21.987,13.546,18.05411806
7/2/2020,22.753,15.127,19.32304861
7/3/2020,23.978,15.986,20.26909028
7/4/2020,24.532,17.058,21.16104167
7/5/2020,24.146,15.867,20.46977083
7/6/2020,23.761,16.511,20.69261111
7/7/2020,22.321,15.366,19.48159028
7/8/2020,22.944,15.557,19.58531944
7/9/2020,22.633,14.84,19.21452083
7/10/2020,23.328,14.864,19.49833333
7/11/2020,24.171,16.868,20.86623611
7/12/2020,24.774,17.772,21.66742361
7/13/2020,24.098,18.509,21.77990972
7/14/2020,24.702,18.295,21.72121528
7/15/2020,23.833,17.391,21.13090972
7/16/2020,24.847,17.962,21.69510417
7/17/2020,25.186,18.129,22.020625
7/18/2020,24.605,17.391,21.51161111
7/19/2020,24.412,17.058,21.23817361
7/20/2020,23.352,17.605,20.17664583
7/21/2020,22.321,18.961,20.71645139
7/22/2020,23.497,18.081,20.97827778
7/23/2020,22.872,18.747,21.07329861
7/24/2020,23.617,17.415,20.4833125
7/25/2020,24.412,17.558,21.27923611
7/26/2020,24.702,17.843,21.67838194
7/27/2020,24.195,18.319,21.53342361
7/28/2020,25.186,18.485,22.10402778
7/29/2020,23.881,16.534,20.75955556
7/30/2020,23.737,16.392,20.50120833
7/31/2020,23.785,17.272,20.86702778
8/1/2020,24.532,17.344,21.22405556
8/2/2020,,,
8/3/2020,23.472,17.13,20.8679375
8/4/2020,,,
8/5/2020,23.04,16.654,20.27975694
8/6/2020,22.441,15.986,19.71893056
8/7/2020,22.417,15.414,19.39990278
8/8/2020,22.226,14.936,19.06838889
8/9/2020,22.609,15.294,19.29761111
8/10/2020,22.681,15.438,19.48579167
8/11/2020,21.939,15.366,19.23233333
8/12/2020,22.8,16.225,19.8373125
8/13/2020,21.557,15.055,18.75828472
8/14/2020,23.545,16.796,20.41463194
8/15/2020,23.521,16.606,20.526875
8/16/2020,23.569,17.748,21.18607639
8/17/2020,24.05,17.558,21.18453472
8/18/2020,23.617,17.153,20.82122222
8/19/2020,24.557,18.105,21.6903125
8/20/2020,24.026,18.794,21.81104167
8/21/2020,23.737,18.081,21.27807639
8/22/2020,24.243,18.747,21.75845139
8/23/2020,24.75,19.413,22.26072222
8/24/2020,23.304,19.08,21.61940972
8/25/2020,22.274,17.724,20.36582639
8/26/2020,23.593,17.867,20.88905556
8/27/2020,22.513,17.486,20.36201389
8/28/2020,22.441,17.177,20.16865278
8/29/2020,21.652,17.344,19.41760417
8/30/2020,22.154,16.677,19.54307639
8/31/2020,21.342,15.986,19.01432639
9/1/2020,21.39,16.201,19.06240972
9/2/2020,21.223,15.557,18.74609028
9/3/2020,21.628,15.485,18.95025694
9/4/2020,21.724,15.318,18.9321875
9/5/2020,21.342,15.127,18.6628125
9/6/2020,21.772,15.485,18.98842361
9/7/2020,20.793,16.106,18.59661806
9/8/2020,19.27,15.055,16.94777778
9/9/2020,15.318,11.346,13.74596528
9/10/2020,17.296,11.37,14.29702778
9/11/2020,17.724,11.589,14.99556944
9/12/2020,18.295,12.025,15.46664583
9/13/2020,18.866,12.799,16.16669444
9/14/2020,19.389,13.425,16.68950694
9/15/2020,19.365,13.594,16.84732639
9/16/2020,19.341,13.81,16.92400694
9/17/2020,19.151,13.618,16.72060417
9/18/2020,17.962,13.546,16.11153472
9/19/2020,18.485,14.29,16.60085417
9/20/2020,19.341,14.05,16.92726389
9/21/2020,19.222,14.266,17.09393056
9/22/2020,20.341,16.082,18.28042361
9/23/2020,19.365,14.529,17.22404167
9/24/2020,,,
9/25/2020,,,
9/26/2020,,,
9/27/2020,,,
9/28/2020,,,
9/29/2020,16.963,11.832,14.72133333
9/30/2020,17.011,11.807,14.68751389
10/1/2020,16.725,11.686,14.53654861
10/2/2020,16.463,11.54,14.300125
10/3/2020,16.439,11.832,14.36047917
10/4/2020,16.201,11.248,14.04070833
10/5/2020,15.915,11.078,13.77315972
10/6/2020,15.891,10.932,13.65994444
10/7/2020,15.438,10.883,13.484375
10/8/2020,15.509,11.248,13.72929861
10/9/2020,16.487,12.292,14.60613194
10/10/2020,16.058,12.413,14.51609028
10/11/2020,15.819,11.953,14.04816667
10/12/2020,15.27,10.98,13.37847222
10/13/2020,14.649,10.565,12.88035417
10/14/2020,15.151,10.638,13.10725
10/15/2020,15.557,11.394,13.63288889
10/16/2020,14.625,10.663,12.89625694
10/17/2020,14.361,10.149,12.49115278
10/18/2020,14.577,10.418,12.73549306
10/19/2020,14.625,10.467,12.79914583
10/20/2020,14.146,9.977,12.356875
10/21/2020,13.666,9.682,11.97174306
10/22/2020,13.497,9.78,11.89852083
10/23/2020,,,
10/24/2020,14.433,10.443,12.57393056
10/25/2020,13.546,10.271,11.93096528
10/26/2020,10.198,6.357,7.916541667
10/27/2020,8.394,4.063,6.402097222
10/28/2020,10.418,5.924,8.088416667
10/29/2020,11.102,7.091,9.167902778
10/30/2020,11.419,7.419,9.587208333
10/31/2020,11.224,7.343,9.505319444
11/1/2020,11.832,7.544,9.819888889
11/2/2020,11.856,8.767,10.43403472
11/3/2020,14.122,11.029,12.44255556
11/4/2020,13.112,9.78,11.75002083
11/5/2020,13.137,9.632,11.55509722
11/6/2020,12.219,10.149,11.33395139
11/7/2020,12.122,9.854,11.27158333
11/8/2020,9.829,6.661,7.954722222
11/9/2020,6.965,5.975,6.480180556
11/10/2020,7.242,4.168,5.7928125
11/11/2020,7.393,4.558,6.004243056
11/12/2020,7.845,5.308,6.559520833
11/13/2020,8.319,5.205,6.829902778
11/14/2020,9.287,6.153,7.436027778
11/15/2020,8.419,4.921,6.578791667
11/16/2020,9.188,5.462,7.127534722
11/17/2020,9.632,6.153,7.737361111
11/18/2020,11.273,7.519,9.1761875
11/19/2020,10.663,8.095,9.4341875
11/20/2020,9.485,6.99,8.476722222
11/21/2020,9.928,7.67,8.931854167
11/22/2020,9.336,7.167,8.351416667
11/23/2020,8.668,6.255,7.686041667
11/24/2020,8.593,6.535,7.752034722
11/25/2020,7.494,4.844,6.392284722
11/26/2020,7.041,4.662,5.856673611
11/27/2020,6.077,3.38,4.830909722
11/28/2020,5.949,3.221,4.587631944
11/29/2020,6.23,3.985,5.029840278
11/30/2020,6.128,3.906,5.062402778
12/1/2020,6.204,3.696,4.887770833
12/2/2020,5.642,3.116,4.308645833
12/3/2020,4.688,2.53,3.672416667
12/4/2020,4.999,2.316,3.640645833
12/5/2020,5.616,2.69,4.072756944
12/6/2020,5.924,3.009,4.437118056
12/7/2020,6.331,3.274,4.697729167
12/8/2020,5.924,2.983,4.448069444
12/9/2020,6.23,3.168,4.616659722
12/10/2020,7.192,4.584,5.728263889
12/11/2020,6.204,4.115,5.200597222
12/12/2020,5.539,4.011,4.908131944
12/13/2020,4.194,1.724,3.072854167
12/14/2020,5.411,3.854,4.578118056
12/15/2020,5.308,2.69,3.865458333
12/16/2020,5.05,2.423,3.624625
12/17/2020,5.719,3.459,4.424166667
12/18/2020,6.788,4.688,5.586263889
12/19/2020,5.282,2.983,4.129097222
12/20/2020,5.847,2.823,4.170701389
12/21/2020,7.015,3.985,5.208916667
12/22/2020,6.813,4.454,5.508340278
12/23/2020,5.514,3.274,4.291298611
12/24/2020,4.037,1.751,2.950354167
12/25/2020,5.308,2.396,3.728680556
12/26/2020,5.437,2.584,4.007548611
12/27/2020,5.616,3.801,4.629270833
12/28/2020,5.642,4.999,5.327986111
12/29/2020,6.433,4.376,5.264631944
12/30/2020,4.584,1.94,3.318256944
12/31/2020,5.308,2.877,3.959034722
1/1/2021,5.257,2.584,3.836298611
1/2/2021,5.205,2.557,3.770576389
1/3/2021,5.77,2.956,4.221631944
1/4/2021,6.839,3.854,5.117423611
1/5/2021,6.611,3.88,5.008441441
1/6/2021,5.693,2.93,4.354972222
1/7/2021,5.821,3.089,4.397201389
1/8/2021,5.565,3.063,4.360277778
1/9/2021,6.051,3.116,4.434743056
1/10/2021,4.844,2.744,3.850472222
1/11/2021,4.999,2.45,3.718715278
1/12/2021,5.076,2.047,3.508736111
1/13/2021,6.051,2.797,4.235569444
1/14/2021,6.94,3.459,4.943881944
1/15/2021,6.509,3.301,4.791770833
1/16/2021,7.594,4.22,5.689826389
1/17/2021,6.585,3.591,5.180166667
1/18/2021,6.889,4.22,5.509458333
1/19/2021,6.484,4.376,5.399569444
1/20/2021,8.891,5.616,6.960708333
1/21/2021,8.543,5.308,6.819840278
1/22/2021,7.544,5.872,6.6644375
1/23/2021,7.519,5.924,6.816548611
1/24/2021,7.293,3.985,5.604451389
1/25/2021,6.153,4.584,5.666868056
1/26/2021,5.872,3.354,4.473736111
1/27/2021,5.796,4.376,5.102909722
1/28/2021,7.945,5.128,6.408694444
1/29/2021,7.393,5.719,6.216340278
1/30/2021,8.195,5.231,6.343347222
1/31/2021,6.585,3.036,5.134541667
2/1/2021,7.795,5.128,6.506916667
2/2/2021,10.296,7.066,8.571090278
2/3/2021,10.663,7.645,9.035875
2/4/2021,8.643,5.411,7.034347222
2/5/2021,7.594,4.141,5.931722222
2/6/2021,8.22,4.22,6.170159722
2/7/2021,8.27,4.48,6.350430556
2/8/2021,8.02,4.532,6.397340278
2/9/2021,8.742,5.949,7.405541667
2/10/2021,10.687,7.066,8.689284722
2/11/2021,9.509,5.796,7.953736111
2/12/2021,9.805,7.645,8.696680556
2/13/2021,8.767,6.763,7.489944444
2/14/2021,8.693,5.591,7.147069444
2/15/2021,8.543,4.895,6.825270833
2/16/2021,8.742,6.484,7.581833333
2/17/2021,7.645,4.636,6.159604167
2/18/2021,7.242,2.903,5.147055556
2/19/2021,8.643,4.298,6.363840278
2/20/2021,7.343,4.246,6.037979167
2/21/2021,8.817,4.011,6.290277778
2/22/2021,9.41,4.688,6.945486111
2/23/2021,10.075,5.179,7.611930556
2/24/2021,9.04,4.636,7.11075
2/25/2021,8.394,3.696,6.186590278
2/26/2021,8.693,3.801,6.274784722
2/27/2021,7.745,4.636,6.314506944
2/28/2021,7.645,2.77,5.216534722
3/1/2021,8.767,3.485,6.006111111
3/2/2021,9.312,4.115,6.627229167
3/3/2021,9.262,4.428,7.036979167
3/4/2021,11.127,7.142,8.931923611
3/5/2021,11.224,5.616,8.505826389
3/6/2021,11.71,6.179,9.001541667
3/7/2021,11.224,6.051,8.864416667
3/8/2021,12.558,7.444,9.926388889
3/9/2021,10.565,7.116,8.539513889
3/10/2021,8.195,5.821,7.224881944
3/11/2021,7.619,6.051,6.828236111
3/12/2021,8.045,4.662,6.22525
3/13/2021,8.99,4.947,6.757527778
3/14/2021,10.98,5.179,7.950784722
3/15/2021,10.001,6.484,8.456326389
3/16/2021,9.04,5.565,6.933090278
3/17/2021,13.04,6,8.992229167
3/18/2021,12.316,7.444,9.955534722
3/19/2021,13.497,7.293,10.44568056
3/20/2021,12.195,8.394,10.01495833
3/21/2021,12.485,6.99,9.43375
3/22/2021,10.173,5.385,8.041986111
3/23/2021,9.583,7.192,8.502291667
3/24/2021,12.171,5.872,8.904819444
3/25/2021,10.736,6.99,8.300395833
3/26/2021,11.71,7.293,9.0509375
3/27/2021,12.219,5.872,9.034763889
3/28/2021,13.834,6.585,10.22020833
3/29/2021,13.882,7.116,10.60696528
3/30/2021,13.04,7.091,10.12277778
3/31/2021,12.92,5.36,9.133006944
4/1/2021,12.992,6,9.793423611
4/2/2021,15.605,8.195,11.84640278
4/3/2021,16.511,9.064,12.78745139
4/4/2021,16.272,9.089,12.83592361
4/5/2021,16.058,9.04,12.62751389
4/6/2021,15.509,9.46,12.52467361
4/7/2021,14.529,7.594,11.18509722
4/8/2021,15.031,8.344,11.82438889
4/9/2021,15.915,9.04,12.47575694
4/10/2021,15.27,8.045,11.90981944
4/11/2021,15.7,8.643,12.38395139
4/12/2021,16.034,9.534,12.9454375
4/13/2021,15.557,9.805,12.81202083
4/14/2021,15.652,10.369,12.78811759
4/15/2021,14.337,9.977,12.20440972
4/16/2021,13.858,8.668,11.40141667
4/17/2021,12.606,8.593,10.72902778
4/18/2021,14.864,7.695,11.26997917
4/19/2021,15.27,8.344,12.04454861
4/20/2021,15.605,9.829,12.93403472
4/21/2021,16.725,10.858,13.7905
4/22/2021,15.891,10.198,13.27800694
4/23/2021,16.225,9.78,13.08727778
4/24/2021,14.96,9.829,12.81611111
4/25/2021,16.606,11.127,13.81697917
4/26/2021,14.864,11.053,11.89066667
4/27/2021,13.449,10.051,11.62270139
4/28/2021,17.153,9.188,12.847375
4/29/2021,18.366,10.345,14.36279861
4/30/2021,19.579,11.613,15.64216667
5/1/2021,18.033,12.847,15.300375
5/2/2021,17.058,11.54,14.40064583
5/3/2021,18.319,11.37,14.76638194
5/4/2021,18.295,11.029,14.88985417
5/5/2021,19.056,11.492,15.4894375
5/6/2021,19.627,11.977,16.12296528
5/7/2021,19.46,12.944,16.57997917
5/8/2021,19.484,13.473,16.66253472
5/9/2021,17.463,12.292,15.27009722
5/10/2021,18.366,12.025,15.33336806
5/11/2021,18.675,12.292,15.74563194
5/12/2021,18.818,11.613,15.69396528
5/13/2021,19.817,12.268,16.42024306
5/14/2021,20.174,12.992,16.99545833
5/15/2021,19.793,13.329,17.03767361
5/16/2021,19.651,13.762,17.01519444
5/17/2021,17.915,13.666,15.32975
5/18/2021,19.341,12.847,15.9036875
5/19/2021,19.246,13.81,16.92047222
5/20/2021,19.793,13.786,16.82198611
5/21/2021,17.486,13.497,15.67513889
5/22/2021,14.601,10.051,12.21658333
5/23/2021,17.344,10.051,13.42864583
5/24/2021,18.58,11.321,15.22054167
5/25/2021,18.913,12.098,16.00066667
5/26/2021,19.056,13.834,16.76650694
5/27/2021,20.412,12.751,16.83384722
5/28/2021,20.913,13.522,17.6966875
5/29/2021,19.817,14.026,17.22625
5/30/2021,20.865,14.745,18.09940278
5/31/2021,21.557,14.792,18.63473611
6/1/2021,21.437,14.697,18.65640972
6/2/2021,21.676,15.39,18.86958333
6/3/2021,22.992,15.963,19.84652778
6/4/2021,23.088,17.415,20.69320833
6/5/2021,23.352,17.249,20.55011111
6/6/2021,23.184,17.225,20.55211111
6/7/2021,21.079,16.225,18.85240972
6/8/2021,21.843,15.39,18.71083333
6/9/2021,21.127,15.557,18.5731875
6/10/2021,21.915,16.296,19.117375
6/11/2021,21.151,13.954,17.96895139
6/12/2021,22.154,14.433,18.61700694
6/13/2021,22.753,15.294,19.39606944
6/14/2021,23.16,16.034,20.04116667
6/15/2021,21.819,16.82,19.70908333
6/16/2021,24.122,16.939,20.67372222
6/17/2021,23.352,19.555,21.79895833
6/18/2021,24.653,18.604,21.62641667
6/19/2021,23.472,19.674,21.988125
6/20/2021,24.702,18.794,21.86595139
6/21/2021,24.726,18.747,21.97810417
6/22/2021,22.369,17.272,20.0875
6/23/2021,20.936,19.27,20.31259722
6/24/2021,23.978,17.51,20.63490278
6/25/2021,22.609,17.915,20.78175694
6/26/2021,21.413,17.915,19.90490278
6/27/2021,24.026,17.272,20.75747222
6/28/2021,24.992,18.889,22.0663125
6/29/2021,23.4,13.329,19.91545833
6/30/2021,18.961,17.796,18.45826667
